,country,cluster_id,competitor_entry_date
0,country_4,ID_312,2014-09-01
2,country_14,ID_1349,2021-05-01
3,country_14,ID_1349,2002-11-01
4,country_22,ID_1875,2007-01-01
5,country_24,ID_1998,2018-09-01
6,country_4,ID_349,2020-01-01
7,country_34,ID_3203,2021-05-01
8,country_33,ID_2723,2018-09-01
9,country_35,ID_1155,2019-04-01
10,country_2,ID_105,2006-12-01
11,country_35,ID_1150,2018-05-01
12,country_20,ID_1645,2013-05-01
13,country_37,ID_566,2014-03-01
14,country_16,ID_1397,2017-09-01
15,country_22,ID_1858,2019-03-01
17,country_35,ID_1139,2022-04-01
18,country_41,ID_3142,2021-10-01
19,country_2,ID_91,2013-04-01
20,country_38,ID_2973,2006-09-01
21,country_21,ID_1749,2016-05-01
23,country_6,ID_484,2018-04-01
24,country_15,ID_911,2000-05-01
25,country_21,ID_1754,2006-07-01
26,country_42,ID_3024,2014-11-01
28,country_35,ID_1156,2021-07-01
29,country_20,ID_1635,2013-02-01
30,country_21,ID_1753,2015-08-01
31,country_7,ID_679,2016-06-01
33,country_18,ID_1563,1999-07-01
34,country_14,ID_1320,1990-11-01
36,country_14,ID_1330,2015-12-01
38,country_20,ID_1635,2015-03-01
39,country_36,ID_2595,2020-10-01
40,country_35,ID_1137,2000-12-01
41,country_36,ID_2569,2021-09-01
44,country_32,ID_2616,2000-07-01
45,country_20,ID_1638,2015-08-01
46,country_38,ID_2978,2009-12-01
48,country_35,ID_1145,2007-01-01
49,country_42,ID_3030,2018-02-01
50,country_4,ID_292,2004-04-01
51,country_0,ID_62,2004-01-01
52,country_22,ID_1860,2008-07-01
53,country_32,ID_2674,2022-01-01
54,country_38,ID_2919,2004-10-01
55,country_24,ID_2014,2018-01-01
56,country_31,ID_2487,2021-08-01
57,country_20,ID_1635,2012-03-01
59,country_18,ID_1567,2019-01-01
61,country_13,ID_1244,2002-02-01
62,country_20,ID_1666,2003-03-01
63,country_18,ID_1572,2013-08-01
64,country_4,ID_312,2022-02-01
65,country_35,ID_1132,2010-09-01
66,country_34,ID_3201,2000-12-01
67,country_36,ID_2568,2021-04-01
68,country_21,ID_1757,2007-07-01
69,country_4,ID_312,2016-07-01
71,country_20,ID_1641,2006-08-01
72,country_38,ID_2947,1998-09-01
73,country_6,ID_495,2021-01-01
74,country_21,ID_1731,2000-09-01
75,country_4,ID_349,2003-05-01
78,country_32,ID_2638,2020-01-01
80,country_22,ID_1856,2019-06-01
81,country_15,ID_924,2021-06-01
82,country_31,ID_2491,2021-09-01
84,country_21,ID_1774,2011-05-01
85,country_4,ID_353,2021-09-01
86,country_16,ID_1397,2015-02-01
87,country_14,ID_1320,2018-09-01
88,country_42,ID_3041,2017-02-01
89,country_2,ID_91,2006-12-01
90,country_21,ID_1756,2017-04-01
91,country_10,ID_834,2020-04-01
92,country_42,ID_3036,2018-01-01
93,country_0,ID_37,2019-01-01
94,country_41,ID_3100,2010-03-01
95,country_42,ID_3023,2012-08-01
96,country_32,ID_2665,1998-05-01
97,country_41,ID_3112,2009-06-01
98,country_14,ID_1298,1995-06-01
99,country_32,ID_2616,2004-09-01
100,country_16,ID_1389,2020-03-01
101,country_38,ID_2924,2014-05-01
102,country_22,ID_1836,2017-03-01
103,country_4,ID_321,2016-04-01
104,country_32,ID_2656,2020-11-01
105,country_16,ID_1389,2016-04-01
106,country_29,ID_2345,2020-08-01
107,country_42,ID_3025,1997-02-01
108,country_38,ID_2945,2003-04-01
111,country_6,ID_482,2008-02-01
112,country_35,ID_1137,2015-11-01
113,country_20,ID_1664,1999-09-01
114,country_6,ID_494,2021-03-01
115,country_32,ID_2670,1999-04-01
116,country_18,ID_1549,2020-01-01
117,country_4,ID_329,2013-08-01
120,country_35,ID_1139,2022-01-01
121,country_21,ID_1761,2019-06-01
122,country_16,ID_1402,2018-05-01
123,country_21,ID_1803,2011-11-01
124,country_37,ID_587,2011-11-01
125,country_0,ID_16,2012-06-01
127,country_35,ID_1189,2021-10-01
129,country_42,ID_3024,2000-08-01
130,country_35,ID_1146,1991-01-01
131,country_41,ID_3122,2006-03-01
132,country_15,ID_905,2008-12-01
133,country_42,ID_3060,2021-02-01
134,country_37,ID_585,2008-08-01
135,country_14,ID_1349,2017-12-01
136,country_18,ID_1566,2010-02-01
137,country_20,ID_1639,2000-11-01
138,country_41,ID_3113,2009-03-01
139,country_35,ID_1137,2001-11-01
140,country_31,ID_2497,2019-03-01
142,country_36,ID_2595,2014-06-01
144,country_7,ID_660,2006-08-01
145,country_5,ID_431,2018-08-01
147,country_16,ID_1437,2020-11-01
148,country_16,ID_1393,2015-02-01
149,country_35,ID_1177,2010-01-01
150,country_15,ID_879,1998-02-01
151,country_31,ID_2493,2021-11-01
152,country_42,ID_3042,2016-01-01
153,country_20,ID_1644,2006-07-01
154,country_22,ID_1839,2020-03-01
156,country_15,ID_911,2014-07-01
158,country_21,ID_1761,2018-01-01
159,country_21,ID_1756,2010-09-01
161,country_21,ID_1749,2012-10-01
162,country_21,ID_1803,2011-12-01
163,country_6,ID_484,2015-03-01
164,country_7,ID_675,2014-11-01
165,country_37,ID_603,2021-08-01
166,country_32,ID_2631,2012-09-01
168,country_35,ID_1150,2015-01-01
169,country_16,ID_1401,2017-01-01
170,country_38,ID_2925,2000-07-01
171,country_22,ID_1863,2019-06-01
172,country_13,ID_1238,2014-11-01
173,country_18,ID_1567,2013-06-01
174,country_22,ID_1856,2014-04-01
175,country_16,ID_1397,2016-02-01
176,country_10,ID_842,1997-05-01
178,country_15,ID_916,2017-09-01
179,country_42,ID_3030,2019-08-01
180,country_22,ID_1876,2017-08-01
182,country_15,ID_917,2020-12-01
183,country_22,ID_1849,2015-02-01
184,country_13,ID_1244,2021-01-01
186,country_22,ID_1873,2022-02-01
187,country_6,ID_478,1999-06-01
188,country_37,ID_566,2009-02-01
189,country_38,ID_2978,2011-10-01
190,country_35,ID_1135,2021-03-01
191,country_18,ID_1592,2005-07-01
192,country_16,ID_1403,2014-01-01
193,country_22,ID_1837,2002-12-01
194,country_36,ID_2562,2014-11-01
196,country_34,ID_3191,2015-05-01
197,country_32,ID_2628,2012-05-01
198,country_18,ID_1596,2001-07-01
199,country_22,ID_1854,2021-03-01
200,country_35,ID_1112,1995-12-01
201,country_15,ID_910,2019-01-01
204,country_13,ID_1269,2017-10-01
205,country_15,ID_921,2019-02-01
206,country_22,ID_1842,2006-11-01
207,country_38,ID_2943,2014-09-01
208,country_20,ID_1666,2011-10-01
210,country_4,ID_312,2013-08-01
212,country_18,ID_1553,2003-02-01
213,country_4,ID_308,2016-03-01
214,country_4,ID_315,2005-03-01
215,country_1,ID_193,2019-10-01
216,country_1,ID_198,2017-12-01
217,country_38,ID_2950,2016-05-01
219,country_32,ID_2664,1990-10-01
220,country_38,ID_2919,1995-07-01
223,country_15,ID_911,1996-05-01
227,country_41,ID_3113,2013-12-01
229,country_37,ID_574,2021-06-01
230,country_24,ID_1997,2016-04-01
232,country_14,ID_1302,2020-07-01
233,country_41,ID_3083,2017-05-01
234,country_35,ID_1150,1999-05-01
235,country_41,ID_3087,1999-06-01
236,country_14,ID_1314,2019-03-01
239,country_38,ID_2978,2016-03-01
240,country_35,ID_1120,2006-07-01
241,country_22,ID_1839,2017-03-01
242,country_42,ID_3032,2007-02-01
243,country_20,ID_1668,2014-04-01
244,country_32,ID_2639,2011-05-01
245,country_21,ID_1797,2018-07-01
246,country_15,ID_902,2006-11-01
247,country_6,ID_482,2019-05-01
248,country_31,ID_2493,2017-10-01
249,country_16,ID_1397,2014-10-01
250,country_21,ID_1749,2009-03-01
251,country_37,ID_570,2018-11-01
252,country_13,ID_1238,2017-11-01
255,country_15,ID_942,2016-06-01
256,country_32,ID_2636,2015-02-01
257,country_15,ID_942,2017-07-01
258,country_41,ID_3107,2001-10-01
259,country_15,ID_879,2011-11-01
260,country_20,ID_1668,2015-02-01
261,country_41,ID_3087,1998-03-01
262,country_21,ID_1762,2015-06-01
263,country_14,ID_1349,2008-10-01
265,country_35,ID_1157,2012-10-01
266,country_4,ID_308,2010-09-01
267,country_24,ID_1983,2013-05-01
268,country_6,ID_519,2014-04-01
269,country_35,ID_1130,2005-05-01
270,country_24,ID_2014,2020-03-01
271,country_14,ID_1315,2006-11-01
273,country_14,ID_1321,2018-06-01
274,country_22,ID_1825,2002-08-01
275,country_1,ID_180,2018-07-01
276,country_33,ID_2749,2018-07-01
278,country_40,ID_2886,2022-03-01
279,country_15,ID_898,2008-07-01
280,country_15,ID_916,2019-02-01
281,country_21,ID_1757,2022-02-01
282,country_16,ID_1419,2022-02-01
283,country_35,ID_1177,2018-10-01
284,country_1,ID_226,2008-04-01
285,country_38,ID_2938,2016-08-01
286,country_42,ID_3019,2014-05-01
288,country_21,ID_1752,2016-07-01
289,country_4,ID_326,2022-02-01
290,country_38,ID_2978,2020-07-01
291,country_42,ID_3044,2006-07-01
292,country_41,ID_3112,2021-11-01
294,country_22,ID_1846,2015-10-01
295,country_38,ID_2938,2013-06-01
297,country_16,ID_1446,2014-02-01
298,country_6,ID_478,2000-02-01
300,country_4,ID_319,2019-10-01
301,country_15,ID_898,2012-09-01
302,country_1,ID_228,2015-03-01
303,country_6,ID_496,2006-10-01
304,country_15,ID_902,2009-11-01
305,country_41,ID_3112,2021-08-01
306,country_37,ID_555,2020-07-01
307,country_35,ID_1145,2001-04-01
308,country_38,ID_2950,2002-04-01
309,country_38,ID_2978,2021-11-01
310,country_14,ID_1336,2022-02-01
311,country_18,ID_1559,2012-12-01
312,country_15,ID_905,2014-05-01
313,country_13,ID_1244,2013-12-01
314,country_15,ID_905,2006-03-01
315,country_10,ID_803,2017-01-01
317,country_21,ID_1760,2021-05-01
319,country_14,ID_1289,2018-06-01
320,country_20,ID_1666,2017-10-01
321,country_14,ID_1349,2018-09-01
322,country_31,ID_2474,2016-01-01
324,country_5,ID_431,2012-01-01
325,country_6,ID_495,2014-02-01
327,country_20,ID_1666,2008-06-01
328,country_21,ID_1757,2021-10-01
329,country_20,ID_1638,2009-08-01
330,country_41,ID_3103,2021-09-01
331,country_21,ID_1768,2018-07-01
332,country_36,ID_2562,2017-11-01
333,country_38,ID_2938,2017-10-01
334,country_6,ID_483,2001-04-01
336,country_22,ID_1831,2013-06-01
337,country_15,ID_889,1995-02-01
338,country_18,ID_1591,1998-03-01
339,country_6,ID_484,2014-02-01
340,country_41,ID_3112,2017-05-01
341,country_21,ID_1740,2004-09-01
342,country_10,ID_824,2017-05-01
343,country_37,ID_549,2014-03-01
345,country_38,ID_2938,2020-11-01
346,country_35,ID_1177,2016-09-01
347,country_24,ID_2014,2021-11-01
348,country_4,ID_338,2021-11-01
349,country_42,ID_3031,2014-01-01
350,country_38,ID_2922,2006-09-01
351,country_37,ID_576,2018-10-01
352,country_6,ID_487,2018-09-01
355,country_38,ID_2931,2001-12-01
356,country_13,ID_1238,2002-08-01
357,country_21,ID_1768,2019-12-01
358,country_34,ID_3174,2015-04-01
359,country_20,ID_1645,2014-10-01
360,country_15,ID_917,2021-06-01
362,country_35,ID_1189,2016-01-01
363,country_13,ID_1244,2008-03-01
364,country_15,ID_942,2008-06-01
365,country_16,ID_1447,2017-08-01
366,country_37,ID_566,2014-09-01
367,country_37,ID_566,2020-08-01
368,country_6,ID_487,2009-08-01
369,country_35,ID_1120,2006-11-01
370,country_14,ID_1320,1996-01-01
371,country_20,ID_1644,2017-10-01
372,country_31,ID_2501,2015-04-01
373,country_6,ID_478,2010-06-01
375,country_41,ID_3087,1999-01-01
376,country_14,ID_1312,2006-08-01
377,country_32,ID_2664,1990-04-01
378,country_42,ID_3023,2006-11-01
379,country_37,ID_566,2022-04-01
380,country_35,ID_1188,2014-05-01
381,country_2,ID_127,2015-05-01
382,country_24,ID_2014,2002-06-01
383,country_2,ID_127,2016-06-01
384,country_42,ID_3042,2021-05-01
385,country_20,ID_1638,2012-04-01
386,country_0,ID_62,2020-09-01
387,country_42,ID_3016,2001-06-01
388,country_30,ID_2417,2019-02-01
389,country_20,ID_1666,2020-08-01
390,country_4,ID_316,2011-09-01
391,country_32,ID_2658,2011-08-01
392,country_14,ID_1315,2014-08-01
393,country_2,ID_127,2012-12-01
395,country_21,ID_1753,2015-12-01
396,country_38,ID_2931,2005-10-01
397,country_21,ID_1762,2018-05-01
398,country_20,ID_1666,2017-12-01
399,country_35,ID_1177,1999-10-01
400,country_20,ID_1644,2000-06-01
401,country_30,ID_2404,2006-02-01
402,country_22,ID_1825,2000-10-01
404,country_6,ID_472,2006-11-01
405,country_35,ID_1132,2015-11-01
406,country_20,ID_1666,2016-03-01
408,country_22,ID_1858,2014-09-01
409,country_20,ID_1638,2008-03-01
410,country_7,ID_675,2014-06-01
411,country_42,ID_3032,2014-04-01
412,country_21,ID_1762,2016-01-01
413,country_16,ID_1402,2019-04-01
414,country_32,ID_2639,2013-01-01
416,country_6,ID_488,2021-05-01
418,country_22,ID_1849,2014-02-01
419,country_42,ID_3062,2021-10-01
420,country_24,ID_2014,2009-10-01
422,country_32,ID_2616,2018-06-01
423,country_15,ID_942,1998-12-01
424,country_4,ID_319,2018-05-01
425,country_15,ID_926,2020-12-01
426,country_14,ID_1332,2017-09-01
427,country_15,ID_911,2014-10-01
428,country_14,ID_1312,2008-08-01
429,country_38,ID_2976,2004-10-01
430,country_7,ID_658,2015-12-01
431,country_24,ID_1979,2013-03-01
434,country_20,ID_1635,2014-10-01
436,country_33,ID_2714,2018-11-01
438,country_6,ID_515,1999-07-01
439,country_6,ID_476,1995-05-01
440,country_32,ID_2669,2015-06-01
441,country_6,ID_459,2003-05-01
442,country_14,ID_1315,1999-03-01
443,country_22,ID_1831,2020-08-01
445,country_42,ID_3035,2017-02-01
446,country_16,ID_1437,2022-03-01
447,country_22,ID_1856,2017-04-01
448,country_24,ID_2000,2013-08-01
449,country_1,ID_226,2003-02-01
450,country_18,ID_1594,2012-09-01
451,country_4,ID_321,1999-01-01
452,country_16,ID_1389,2021-06-01
454,country_22,ID_1876,2020-04-01
455,country_21,ID_1778,2021-11-01
457,country_21,ID_1774,2009-04-01
458,country_37,ID_565,2019-09-01
459,country_30,ID_2404,2022-04-01
461,country_41,ID_3082,2002-03-01
463,country_35,ID_1136,2008-10-01
464,country_21,ID_1761,2019-02-01
465,country_6,ID_484,2010-11-01
467,country_16,ID_1393,2014-02-01
468,country_22,ID_1831,2017-03-01
469,country_15,ID_924,2021-10-01
471,country_18,ID_1592,2001-09-01
472,country_7,ID_642,2019-03-01
473,country_22,ID_1854,2018-08-01
475,country_31,ID_2494,2022-04-01
476,country_20,ID_1641,2014-06-01
477,country_16,ID_1401,2019-09-01
478,country_16,ID_1389,2014-08-01
479,country_22,ID_1856,2016-12-01
480,country_20,ID_1638,2007-05-01
482,country_4,ID_325,2002-10-01
483,country_15,ID_905,2018-01-01
484,country_0,ID_27,2013-08-01
485,country_13,ID_1269,2014-03-01
486,country_38,ID_2942,2020-06-01
487,country_16,ID_1402,2015-03-01
489,country_6,ID_482,2008-04-01
490,country_22,ID_1858,2018-04-01
491,country_35,ID_1187,2021-12-01
492,country_10,ID_840,2020-11-01
494,country_4,ID_312,2010-05-01
495,country_1,ID_203,2020-01-01
496,country_16,ID_1419,2021-11-01
498,country_14,ID_1315,2001-10-01
499,country_35,ID_1155,2011-09-01
500,country_4,ID_313,1998-02-01
501,country_29,ID_2326,2017-08-01
505,country_32,ID_2638,2021-06-01
506,country_36,ID_2595,2018-11-01
507,country_18,ID_1555,2011-11-01
508,country_0,ID_62,2022-03-01
510,country_18,ID_1567,2004-01-01
511,country_21,ID_1757,2009-01-01
512,country_36,ID_2595,2003-09-01
515,country_21,ID_1763,2016-02-01
517,country_41,ID_3104,2012-05-01
518,country_41,ID_3082,2016-12-01
519,country_15,ID_898,2015-10-01
522,country_38,ID_2964,2016-02-01
523,country_35,ID_1125,2022-03-01
524,country_40,ID_2880,2020-04-01
525,country_42,ID_3064,2016-08-01
527,country_34,ID_3220,2019-04-01
528,country_34,ID_3197,2002-04-01
530,country_15,ID_927,2019-06-01
532,country_16,ID_1421,2021-09-01
533,country_41,ID_3122,2019-03-01
534,country_15,ID_910,2014-11-01
535,country_35,ID_1150,2014-09-01
537,country_14,ID_1315,2019-03-01
538,country_37,ID_576,2021-12-01
539,country_14,ID_1298,2011-06-01
540,country_15,ID_903,2017-09-01
541,country_4,ID_320,2021-03-01
542,country_20,ID_1668,2021-05-01
543,country_35,ID_1112,1998-02-01
544,country_6,ID_484,2013-09-01
545,country_21,ID_1754,2015-03-01
547,country_15,ID_898,2014-09-01
548,country_22,ID_1837,2003-04-01
550,country_38,ID_2950,2019-08-01
552,country_35,ID_1155,2015-06-01
554,country_22,ID_1874,2011-03-01
555,country_22,ID_1839,2010-10-01
556,country_30,ID_2402,2014-09-01
558,country_22,ID_1858,2014-12-01
559,country_15,ID_927,2019-03-01
560,country_21,ID_1793,2008-10-01
561,country_37,ID_549,2007-12-01
562,country_32,ID_2660,1988-06-01
563,country_41,ID_3143,2013-10-01
564,country_41,ID_3087,1995-04-01
565,country_18,ID_1559,2009-05-01
566,country_35,ID_1150,2018-12-01
567,country_35,ID_1156,2019-09-01
568,country_21,ID_1731,1999-06-01
569,country_36,ID_2568,2014-11-01
571,country_9,ID_789,2019-06-01
572,country_13,ID_1245,2021-03-01
573,country_38,ID_2977,1994-01-01
575,country_30,ID_2434,2003-06-01
576,country_32,ID_2673,2013-04-01
579,country_4,ID_308,2010-12-01
580,country_20,ID_1639,2014-07-01
581,country_10,ID_840,2015-10-01
582,country_41,ID_3114,2022-01-01
584,country_5,ID_431,2003-06-01
585,country_21,ID_1753,2015-04-01
587,country_42,ID_3030,2013-07-01
589,country_29,ID_2331,2016-11-01
591,country_32,ID_2632,2014-09-01
592,country_6,ID_469,2018-02-01
593,country_6,ID_520,2015-10-01
594,country_4,ID_312,2007-08-01
595,country_16,ID_1373,2002-06-01
596,country_13,ID_1238,2014-05-01
598,country_30,ID_2434,2005-12-01
599,country_14,ID_1325,2022-01-01
601,country_35,ID_1144,2014-09-01
602,country_22,ID_1860,2018-11-01
603,country_36,ID_2562,2002-08-01
604,country_21,ID_1761,2010-09-01
605,country_42,ID_3017,1995-03-01
606,country_1,ID_207,2014-02-01
607,country_15,ID_905,2020-04-01
609,country_33,ID_2738,2021-05-01
610,country_13,ID_1244,2009-08-01
611,country_21,ID_1733,1999-03-01
613,country_35,ID_1122,2013-10-01
615,country_32,ID_2632,2011-01-01
616,country_21,ID_1763,2015-05-01
617,country_35,ID_1146,2015-07-01
618,country_15,ID_916,2013-11-01
620,country_33,ID_2717,2019-12-01
621,country_13,ID_1269,2010-04-01
622,country_1,ID_193,2021-08-01
623,country_15,ID_910,2008-10-01
624,country_20,ID_1666,2002-08-01
625,country_4,ID_326,2022-04-01
627,country_38,ID_2972,1998-09-01
628,country_9,ID_793,2019-06-01
629,country_30,ID_2404,2018-09-01
630,country_10,ID_843,2020-02-01
631,country_14,ID_1349,2004-09-01
633,country_38,ID_2936,2009-06-01
635,country_4,ID_331,2017-11-01
636,country_14,ID_1315,1998-03-01
637,country_20,ID_1644,2014-08-01
638,country_34,ID_3191,2011-10-01
639,country_30,ID_2391,2021-10-01
640,country_6,ID_487,2003-12-01
641,country_35,ID_1137,2015-08-01
644,country_16,ID_1407,2020-02-01
645,country_24,ID_2014,2018-12-01
647,country_15,ID_909,2020-01-01
649,country_2,ID_125,2015-09-01
650,country_18,ID_1546,1999-10-01
651,country_41,ID_3113,2014-03-01
652,country_35,ID_1156,2012-07-01
653,country_38,ID_2945,2019-05-01
654,country_21,ID_1768,2001-06-01
655,country_20,ID_1645,2015-07-01
656,country_21,ID_1755,2020-08-01
657,country_21,ID_1780,2009-08-01
658,country_29,ID_2334,2021-01-01
659,country_15,ID_902,2008-05-01
660,country_21,ID_1778,2021-09-01
661,country_21,ID_1768,2005-07-01
662,country_20,ID_1645,2006-11-01
663,country_2,ID_120,2022-02-01
666,country_4,ID_321,2001-04-01
667,country_37,ID_610,2015-01-01
668,country_6,ID_487,2011-12-01
669,country_35,ID_1138,2006-10-01
671,country_22,ID_1844,2018-09-01
673,country_37,ID_566,2007-10-01
674,country_42,ID_3064,2021-03-01
675,country_6,ID_476,2011-01-01
677,country_14,ID_1337,2020-12-01
678,country_15,ID_903,1991-03-01
679,country_14,ID_1349,2004-04-01
680,country_22,ID_1856,2019-03-01
681,country_10,ID_836,2016-10-01
682,country_14,ID_1315,2013-08-01
683,country_24,ID_1979,2018-10-01
684,country_16,ID_1389,2017-08-01
686,country_35,ID_1122,1996-08-01
687,country_4,ID_354,2019-02-01
688,country_14,ID_1313,2006-06-01
690,country_34,ID_3203,2001-02-01
691,country_24,ID_1998,2012-02-01
692,country_21,ID_1762,2015-05-01
693,country_18,ID_1568,2015-09-01
694,country_35,ID_1132,2007-06-01
695,country_7,ID_675,2009-05-01
696,country_4,ID_353,2008-09-01
697,country_29,ID_2318,2018-09-01
698,country_14,ID_1321,2014-05-01
700,country_41,ID_3098,2002-01-01
701,country_35,ID_1113,2003-09-01
702,country_6,ID_477,2018-06-01
703,country_20,ID_1644,1997-06-01
704,country_15,ID_951,2012-08-01
706,country_20,ID_1645,2005-09-01
707,country_20,ID_1642,2010-08-01
709,country_14,ID_1313,2000-12-01
710,country_30,ID_2404,2015-01-01
711,country_35,ID_1146,2001-06-01
712,country_41,ID_3121,2012-08-01
714,country_37,ID_580,2021-04-01
716,country_35,ID_1138,2011-04-01
717,country_18,ID_1591,2005-01-01
718,country_4,ID_353,2015-05-01
720,country_21,ID_1753,2007-01-01
721,country_42,ID_3003,2018-06-01
722,country_22,ID_1859,2020-06-01
723,country_22,ID_1876,2019-08-01
724,country_35,ID_1156,2016-03-01
725,country_1,ID_193,2017-11-01
726,country_22,ID_1853,2018-11-01
727,country_21,ID_1755,2009-04-01
728,country_6,ID_478,2020-05-01
729,country_37,ID_566,1995-12-01
730,country_41,ID_3122,2015-12-01
731,country_4,ID_319,2016-12-01
732,country_6,ID_499,2021-05-01
733,country_14,ID_1349,2021-02-01
734,country_38,ID_2946,2012-02-01
735,country_4,ID_307,2011-11-01
736,country_15,ID_900,2020-04-01
737,country_15,ID_910,1998-12-01
738,country_35,ID_1160,2022-04-01
740,country_20,ID_1641,2021-12-01
741,country_4,ID_315,2013-02-01
742,country_36,ID_2562,2019-12-01
744,country_24,ID_1999,2014-01-01
745,country_18,ID_1555,2009-01-01
747,country_32,ID_2622,1990-05-01
748,country_14,ID_1308,2008-01-01
749,country_14,ID_1349,2015-04-01
750,country_10,ID_821,2013-10-01
751,country_18,ID_1596,2003-02-01
752,country_38,ID_2973,2005-06-01
753,country_32,ID_2616,1996-05-01
754,country_32,ID_2663,2012-08-01
755,country_35,ID_1144,2018-12-01
756,country_21,ID_1749,2008-07-01
757,country_21,ID_1755,2011-09-01
758,country_16,ID_1401,2022-04-01
759,country_4,ID_325,2018-09-01
761,country_35,ID_1112,2001-01-01
762,country_36,ID_2568,2021-11-01
763,country_42,ID_3023,2008-07-01
765,country_30,ID_2448,2020-03-01
766,country_33,ID_2728,2021-03-01
767,country_4,ID_325,2018-09-01
768,country_16,ID_1403,2014-08-01
769,country_18,ID_1566,2003-03-01
770,country_35,ID_1158,2022-01-01
771,country_4,ID_321,2014-03-01
772,country_2,ID_125,2011-12-01
773,country_21,ID_1749,2014-05-01
774,country_21,ID_1754,2000-02-01
775,country_41,ID_3083,2005-12-01
776,country_1,ID_229,2021-07-01
777,country_42,ID_3003,1997-09-01
778,country_0,ID_24,2014-04-01
780,country_21,ID_1793,2001-07-01
781,country_6,ID_521,2021-06-01
782,country_4,ID_353,1999-07-01
783,country_20,ID_1641,2007-02-01
784,country_24,ID_2014,2012-04-01
785,country_21,ID_1763,2004-12-01
786,country_4,ID_302,2016-04-01
788,country_35,ID_1145,1991-04-01
789,country_18,ID_1592,2008-04-01
790,country_20,ID_1668,2009-07-01
791,country_22,ID_1874,2011-02-01
792,country_29,ID_2347,2020-05-01
793,country_18,ID_1572,2001-07-01
794,country_16,ID_1399,2011-08-01
796,country_20,ID_1666,2012-04-01
797,country_22,ID_1875,2014-02-01
798,country_35,ID_1130,2013-04-01
799,country_38,ID_2943,2002-07-01
800,country_21,ID_1797,2001-04-01
801,country_38,ID_2941,2019-03-01
803,country_20,ID_1638,2016-01-01
805,country_4,ID_313,2015-05-01
806,country_21,ID_1797,2015-02-01
807,country_6,ID_482,2003-12-01
808,country_38,ID_2978,2021-09-01
809,country_6,ID_496,2018-11-01
810,country_38,ID_2945,2022-03-01
811,country_35,ID_1177,2019-04-01
814,country_35,ID_1140,2011-03-01
816,country_21,ID_1761,2018-11-01
817,country_22,ID_1870,2019-12-01
819,country_37,ID_588,2019-12-01
821,country_42,ID_3022,2002-03-01
823,country_16,ID_1401,2020-05-01
824,country_40,ID_2879,2020-10-01
825,country_4,ID_320,2003-03-01
826,country_36,ID_2562,2019-03-01
828,country_42,ID_3024,2013-12-01
829,country_15,ID_942,2018-12-01
830,country_35,ID_1177,2019-06-01
831,country_22,ID_1842,2019-02-01
832,country_29,ID_2340,2020-11-01
835,country_4,ID_302,2018-05-01
837,country_16,ID_1389,2015-06-01
838,country_42,ID_3011,1995-05-01
839,country_21,ID_1776,2012-08-01
840,country_14,ID_1312,2007-07-01
841,country_37,ID_566,2016-12-01
842,country_34,ID_3193,2020-08-01
843,country_20,ID_1641,2022-02-01
845,country_22,ID_1846,2017-03-01
846,country_7,ID_679,2015-11-01
847,country_13,ID_1257,2020-08-01
848,country_38,ID_2942,2020-03-01
850,country_4,ID_337,2021-12-01
851,country_15,ID_910,2013-10-01
853,country_14,ID_1349,2013-11-01
854,country_31,ID_2494,2022-02-01
855,country_21,ID_1757,2014-10-01
856,country_14,ID_1315,2021-07-01
857,country_24,ID_2014,2016-03-01
859,country_15,ID_941,2020-10-01
860,country_21,ID_1762,2005-04-01
862,country_36,ID_2595,2021-08-01
866,country_14,ID_1314,2019-07-01
868,country_38,ID_2949,2021-01-01
869,country_34,ID_3180,2021-09-01
870,country_30,ID_2425,2021-04-01
873,country_2,ID_131,2009-12-01
874,country_6,ID_493,2019-12-01
875,country_21,ID_1802,2019-10-01
876,country_10,ID_830,2008-02-01
877,country_14,ID_1315,2022-04-01
878,country_41,ID_3090,1999-06-01
879,country_24,ID_2014,2008-01-01
880,country_24,ID_2014,2002-10-01
881,country_5,ID_431,2018-10-01
882,country_35,ID_1132,2001-10-01
883,country_22,ID_1842,2009-03-01
885,country_16,ID_1401,2017-10-01
886,country_14,ID_1320,2001-03-01
887,country_18,ID_1592,1997-09-01
889,country_32,ID_2631,2011-03-01
890,country_21,ID_1762,2021-06-01
891,country_35,ID_1132,2016-03-01
892,country_41,ID_3094,2020-03-01
893,country_4,ID_317,2002-10-01
895,country_14,ID_1332,2015-10-01
896,country_34,ID_3202,2012-04-01
897,country_42,ID_3024,2013-11-01
898,country_32,ID_2636,2012-09-01
899,country_20,ID_1670,2019-06-01
900,country_32,ID_2632,2017-01-01
901,country_6,ID_493,2012-06-01
903,country_21,ID_1803,2015-07-01
907,country_0,ID_24,2016-10-01
909,country_5,ID_432,2006-12-01
910,country_4,ID_299,2005-09-01
911,country_35,ID_1160,2021-11-01
912,country_18,ID_1553,1999-11-01
913,country_21,ID_1803,2015-03-01
917,country_29,ID_2335,2016-08-01
918,country_14,ID_1321,2014-02-01
919,country_38,ID_2943,2003-08-01
920,country_18,ID_1570,2020-09-01
921,country_4,ID_335,2007-05-01
922,country_29,ID_2336,2016-11-01
923,country_38,ID_2981,2021-08-01
925,country_14,ID_1315,2021-09-01
926,country_14,ID_1349,2016-10-01
927,country_35,ID_1177,2014-06-01
929,country_16,ID_1437,2017-08-01
931,country_31,ID_2484,2019-09-01
933,country_38,ID_2978,2013-07-01
934,country_15,ID_911,2014-06-01
936,country_10,ID_840,2020-03-01
937,country_32,ID_2639,2011-04-01
939,country_22,ID_1839,2015-06-01
940,country_26,ID_2078,2021-01-01
941,country_13,ID_1238,2020-05-01
943,country_13,ID_1244,2019-01-01
944,country_22,ID_1856,2018-08-01
945,country_31,ID_2474,2021-08-01
947,country_22,ID_1858,2016-08-01
948,country_38,ID_2978,2022-01-01
949,country_35,ID_1189,2020-01-01
950,country_21,ID_1743,2018-03-01
952,country_38,ID_2945,2006-02-01
953,country_22,ID_1876,2018-12-01
954,country_38,ID_2942,2018-07-01
955,country_15,ID_952,2012-03-01
957,country_16,ID_1412,2022-02-01
959,country_7,ID_680,2015-11-01
960,country_15,ID_920,2018-08-01
961,country_9,ID_767,2012-08-01
962,country_35,ID_1144,2019-07-01
963,country_1,ID_205,2016-12-01
966,country_37,ID_570,2020-03-01
969,country_35,ID_1149,2004-04-01
971,country_4,ID_349,2009-07-01
972,country_21,ID_1761,2015-04-01
973,country_16,ID_1397,2011-05-01
974,country_36,ID_2562,2018-08-01
975,country_4,ID_333,2012-02-01
976,country_22,ID_1836,2013-02-01
977,country_20,ID_1666,2021-08-01
978,country_21,ID_1754,2018-07-01
981,country_21,ID_1762,2007-05-01
982,country_14,ID_1291,1999-05-01
983,country_38,ID_2925,1995-05-01
984,country_20,ID_1645,2018-04-01
986,country_7,ID_680,2020-06-01
987,country_26,ID_2078,2021-07-01
988,country_22,ID_1858,2021-02-01
990,country_20,ID_1638,2006-07-01
995,country_0,ID_62,2006-10-01
996,country_35,ID_1138,2003-11-01
997,country_31,ID_2499,2015-11-01
999,country_18,ID_1563,2018-06-01
1000,country_4,ID_325,2018-03-01
1001,country_24,ID_2002,2021-06-01
1002,country_15,ID_901,2013-12-01
1003,country_13,ID_1269,2018-12-01
1006,country_21,ID_1774,2014-04-01
1007,country_20,ID_1645,1990-09-01
1008,country_4,ID_354,2010-06-01
1010,country_16,ID_1407,2016-03-01
1011,country_15,ID_911,1990-11-01
1012,country_14,ID_1313,2018-06-01
1013,country_35,ID_1135,2013-03-01
1014,country_41,ID_3107,1994-04-01
1015,country_35,ID_1132,2009-02-01
1016,country_41,ID_3122,2020-05-01
1017,country_42,ID_3014,2016-04-01
1018,country_21,ID_1748,2011-12-01
1019,country_14,ID_1313,2013-10-01
1020,country_13,ID_1244,2014-07-01
1021,country_21,ID_1763,2013-06-01
1022,country_6,ID_476,1996-07-01
1024,country_38,ID_2943,2010-11-01
1025,country_4,ID_329,2002-07-01
1026,country_37,ID_609,2012-10-01
1027,country_38,ID_2950,2003-10-01
1028,country_22,ID_1870,2012-07-01
1029,country_32,ID_2671,2012-03-01
1031,country_7,ID_658,2016-06-01
1032,country_6,ID_496,2019-11-01
1034,country_41,ID_3116,2020-11-01
1036,country_36,ID_2595,2014-06-01
1037,country_18,ID_1594,1998-05-01
1038,country_34,ID_3200,2013-09-01
1039,country_42,ID_3032,2017-12-01
1041,country_20,ID_1664,2009-11-01
1043,country_21,ID_1797,2018-02-01
1044,country_38,ID_2966,2000-10-01
1047,country_6,ID_478,2017-12-01
1048,country_2,ID_122,2016-11-01
1049,country_0,ID_24,2015-01-01
1050,country_15,ID_942,2013-07-01
1051,country_13,ID_1244,2018-11-01
1053,country_22,ID_1854,2016-11-01
1054,country_31,ID_2499,2017-05-01
1055,country_13,ID_1238,2018-05-01
1056,country_37,ID_566,2015-11-01
1057,country_22,ID_1841,2022-03-01
1059,country_41,ID_3143,2020-11-01
1060,country_36,ID_2595,2018-01-01
1061,country_35,ID_1112,2005-07-01
1062,country_42,ID_3003,2011-12-01
1064,country_42,ID_3014,2016-09-01
1065,country_41,ID_3113,2018-05-01
1066,country_38,ID_2919,2018-06-01
1067,country_38,ID_2950,2015-09-01
1068,country_42,ID_3024,2006-06-01
1069,country_41,ID_3122,2020-07-01
1071,country_1,ID_228,2013-07-01
1072,country_7,ID_662,2018-10-01
1073,country_42,ID_3030,2020-09-01
1075,country_31,ID_2484,2015-12-01
1076,country_11,ID_1017,2020-05-01
1079,country_21,ID_1760,2019-10-01
1080,country_18,ID_1555,2021-03-01
1082,country_31,ID_2497,2016-11-01
1088,country_24,ID_1996,2014-01-01
1092,country_18,ID_1566,2015-12-01
1096,country_21,ID_1738,2006-12-01
1097,country_36,ID_2569,2021-10-01
1098,country_6,ID_477,2004-04-01
1099,country_18,ID_1563,2016-03-01
1100,country_35,ID_1158,2006-10-01
1101,country_20,ID_1644,2015-08-01
1103,country_18,ID_1566,2018-08-01
1104,country_21,ID_1757,2015-07-01
1105,country_1,ID_201,2019-04-01
1106,country_4,ID_329,2018-10-01
1107,country_38,ID_2950,2020-01-01
1108,country_42,ID_3042,2016-03-01
1112,country_16,ID_1401,2015-10-01
1113,country_20,ID_1641,2017-08-01
1114,country_35,ID_1136,2008-02-01
1115,country_15,ID_950,2020-05-01
1116,country_14,ID_1308,2009-01-01
1117,country_15,ID_922,2018-07-01
1118,country_42,ID_3037,2021-06-01
1119,country_15,ID_951,2000-03-01
1120,country_16,ID_1403,2014-09-01
1121,country_15,ID_894,2014-11-01
1123,country_1,ID_193,2019-06-01
1125,country_18,ID_1591,2012-04-01
1126,country_6,ID_463,2006-04-01
1128,country_16,ID_1393,2017-02-01
1129,country_37,ID_549,2017-03-01
1131,country_41,ID_3082,2014-11-01
1132,country_20,ID_1638,2020-08-01
1134,country_15,ID_926,2009-05-01
1136,country_35,ID_1144,2018-11-01
1139,country_18,ID_1547,2001-06-01
1140,country_42,ID_3023,2009-09-01
1141,country_4,ID_347,2019-07-01
1142,country_25,ID_2135,2021-10-01
1143,country_42,ID_3011,2011-04-01
1144,country_20,ID_1666,2020-05-01
1145,country_10,ID_838,2020-12-01
1148,country_22,ID_1866,2013-09-01
1149,country_14,ID_1349,2021-05-01
1150,country_2,ID_142,2022-02-01
1152,country_21,ID_1762,2016-07-01
1154,country_32,ID_2632,2014-04-01
1155,country_22,ID_1860,2015-05-01
1156,country_24,ID_1993,2021-06-01
1157,country_24,ID_2014,2021-03-01
1159,country_4,ID_313,1985-04-01
1162,country_15,ID_943,2022-02-01
1163,country_21,ID_1769,2021-10-01
1164,country_13,ID_1238,2019-05-01
1165,country_18,ID_1572,2020-05-01
1166,country_21,ID_1757,1997-07-01
1168,country_24,ID_2014,2014-04-01
1169,country_6,ID_477,2006-08-01
1170,country_36,ID_2568,2017-12-01
1171,country_35,ID_1139,2009-02-01
1172,country_11,ID_1004,2021-07-01
1173,country_32,ID_2625,2003-07-01
1175,country_38,ID_2950,2003-08-01
1178,country_33,ID_2717,2017-01-01
1179,country_15,ID_952,2019-01-01
1180,country_41,ID_3107,2020-03-01
1181,country_24,ID_2002,2009-10-01
1182,country_13,ID_1244,2018-06-01
1183,country_4,ID_352,2014-09-01
1185,country_6,ID_477,2019-07-01
1187,country_37,ID_562,2004-01-01
1190,country_40,ID_2884,2017-06-01
1191,country_13,ID_1238,2018-11-01
1192,country_37,ID_566,2021-05-01
1194,country_7,ID_675,2021-03-01
1196,country_18,ID_1591,2011-11-01
1197,country_6,ID_487,2020-08-01
1198,country_35,ID_1138,2013-02-01
1199,country_21,ID_1752,2013-06-01
1200,country_1,ID_193,2008-08-01
1201,country_0,ID_24,2015-12-01
1202,country_41,ID_3122,2019-01-01
1203,country_13,ID_1245,2021-12-01
1204,country_35,ID_1146,2022-04-01
1205,country_35,ID_1145,2015-05-01
1208,country_21,ID_1768,2014-07-01
1210,country_10,ID_838,2016-10-01
1211,country_18,ID_1550,2001-06-01
1212,country_10,ID_830,2021-10-01
1213,country_4,ID_308,2019-08-01
1214,country_10,ID_821,2016-05-01
1215,country_14,ID_1349,2016-10-01
1216,country_37,ID_566,2021-02-01
1218,country_34,ID_3220,2012-02-01
1220,country_38,ID_2922,2013-06-01
1221,country_15,ID_910,2018-02-01
1222,country_14,ID_1349,2022-03-01
1225,country_35,ID_1112,2004-06-01
1228,country_36,ID_2568,2017-11-01
1229,country_36,ID_2595,2016-10-01
1230,country_32,ID_2669,1998-04-01
1231,country_41,ID_3088,2018-02-01
1232,country_35,ID_1132,2015-11-01
1234,country_1,ID_198,2021-12-01
1235,country_22,ID_1872,2019-01-01
1236,country_0,ID_65,2022-04-01
1237,country_35,ID_1150,2016-03-01
1238,country_32,ID_2667,2016-06-01
1239,country_20,ID_1639,2017-03-01
1240,country_4,ID_313,2016-08-01
1241,country_42,ID_3019,2009-06-01
1242,country_7,ID_675,2019-07-01
1244,country_7,ID_656,2015-02-01
1245,country_41,ID_3122,2016-08-01
1247,country_21,ID_1738,2006-06-01
1248,country_33,ID_2717,2020-10-01
1250,country_32,ID_2674,2019-03-01
1252,country_18,ID_1547,2008-05-01
1253,country_20,ID_1648,2020-04-01
1254,country_14,ID_1306,2011-06-01
1255,country_41,ID_3083,2012-03-01
1256,country_42,ID_3025,2017-12-01
1257,country_21,ID_1754,2014-05-01
1258,country_21,ID_1797,2021-12-01
1259,country_4,ID_313,2014-01-01
1260,country_42,ID_3024,2017-08-01
1262,country_32,ID_2636,2017-07-01
1264,country_41,ID_3122,2017-12-01
1265,country_35,ID_1189,2011-11-01
1266,country_41,ID_3107,2015-01-01
1268,country_2,ID_142,2021-08-01
1269,country_6,ID_515,2002-12-01
1270,country_14,ID_1313,1991-03-01
1271,country_16,ID_1402,2014-04-01
1272,country_32,ID_2645,2020-03-01
1273,country_9,ID_789,2003-05-01
1274,country_16,ID_1437,2017-09-01
1277,country_16,ID_1393,2015-04-01
1278,country_38,ID_2943,2020-06-01
1279,country_20,ID_1644,2018-07-01
1281,country_31,ID_2495,2018-02-01
1282,country_24,ID_2018,2011-10-01
1283,country_38,ID_2937,2012-07-01
1284,country_4,ID_325,2010-08-01
1285,country_16,ID_1407,2017-08-01
1287,country_16,ID_1447,2020-01-01
1289,country_4,ID_331,2020-01-01
1290,country_16,ID_1401,2018-04-01
1291,country_22,ID_1843,2014-12-01
1292,country_16,ID_1393,2009-12-01
1293,country_18,ID_1559,2014-03-01
1294,country_38,ID_2936,2003-06-01
1295,country_21,ID_1754,2016-07-01
1296,country_35,ID_1155,2015-10-01
1298,country_32,ID_2671,2018-04-01
1299,country_6,ID_521,2012-12-01
1301,country_1,ID_224,2014-07-01
1302,country_22,ID_1841,2009-08-01
1303,country_29,ID_2335,2017-03-01
1304,country_32,ID_2616,1999-11-01
1305,country_32,ID_2664,2005-01-01
1306,country_41,ID_3143,2021-05-01
1307,country_1,ID_228,2014-02-01
1309,country_38,ID_2978,2019-01-01
1311,country_22,ID_1856,2020-09-01
1312,country_41,ID_3107,2020-03-01
1313,country_4,ID_321,2015-06-01
1314,country_4,ID_308,2014-09-01
1315,country_14,ID_1311,2013-07-01
1316,country_24,ID_2016,2022-03-01
1317,country_42,ID_3004,2020-05-01
1318,country_6,ID_496,2022-01-01
1321,country_41,ID_3122,2010-01-01
1322,country_16,ID_1402,2015-12-01
1323,country_16,ID_1402,2015-07-01
1325,country_31,ID_2499,2018-11-01
1326,country_41,ID_3107,2019-01-01
1327,country_15,ID_905,2014-05-01
1328,country_6,ID_515,2009-04-01
1329,country_1,ID_203,2017-09-01
1331,country_6,ID_469,2022-01-01
1332,country_4,ID_320,2016-09-01
1333,country_6,ID_476,2001-09-01
1335,country_20,ID_1645,1997-08-01
1337,country_24,ID_1979,2020-08-01
1338,country_35,ID_1157,2014-02-01
1339,country_14,ID_1349,2019-02-01
1340,country_2,ID_119,2021-05-01
1341,country_35,ID_1139,2008-10-01
1342,country_36,ID_2562,2017-04-01
1343,country_31,ID_2495,2021-05-01
1344,country_35,ID_1137,1990-12-01
1345,country_38,ID_2938,2013-01-01
1348,country_18,ID_1594,2012-04-01
1349,country_21,ID_1749,2015-07-01
1350,country_7,ID_644,2017-03-01
1351,country_42,ID_3030,2015-12-01
1353,country_42,ID_3047,2020-09-01
1354,country_35,ID_1161,2022-04-01
1355,country_29,ID_2335,2014-04-01
1356,country_20,ID_1644,2016-07-01
1357,country_41,ID_3113,2006-01-01
1358,country_32,ID_2618,1998-01-01
1360,country_15,ID_923,2001-01-01
1361,country_38,ID_2945,2010-12-01
1362,country_15,ID_902,2007-01-01
1363,country_21,ID_1754,2016-04-01
1364,country_16,ID_1403,2021-07-01
1365,country_35,ID_1137,2018-08-01
1366,country_29,ID_2347,2021-04-01
1367,country_38,ID_2945,2020-10-01
1368,country_42,ID_3026,2018-08-01
1369,country_4,ID_290,2008-12-01
1370,country_21,ID_1754,2004-03-01
1371,country_20,ID_1668,2013-04-01
1372,country_42,ID_3017,2004-06-01
1373,country_10,ID_815,2017-10-01
1374,country_22,ID_1844,2017-11-01
1375,country_13,ID_1269,2019-03-01
1376,country_20,ID_1635,2008-03-01
1377,country_42,ID_3030,1998-11-01
1378,country_20,ID_1645,2003-08-01
1380,country_10,ID_855,2008-03-01
1381,country_0,ID_62,2014-07-01
1387,country_33,ID_2716,2017-03-01
1391,country_38,ID_2949,2016-12-01
1393,country_14,ID_1321,2018-12-01
1395,country_4,ID_333,2016-07-01
1397,country_4,ID_313,2001-10-01
1399,country_15,ID_923,2013-03-01
1400,country_42,ID_3026,1997-07-01
1402,country_24,ID_1997,2015-06-01
1403,country_21,ID_1797,2020-12-01
1405,country_21,ID_1752,2006-11-01
1406,country_15,ID_905,1998-01-01
1407,country_15,ID_922,2015-03-01
1408,country_21,ID_1749,1999-11-01
1410,country_21,ID_1763,2017-03-01
1411,country_15,ID_950,2007-02-01
1412,country_29,ID_2345,2021-05-01
1413,country_13,ID_1269,2014-07-01
1414,country_35,ID_1177,2015-02-01
1416,country_6,ID_483,2014-12-01
1417,country_22,ID_1875,2008-07-01
1421,country_20,ID_1645,2017-01-01
1423,country_22,ID_1823,2004-04-01
1424,country_35,ID_1144,2020-06-01
1425,country_42,ID_3025,2003-11-01
1426,country_32,ID_2664,2001-09-01
1427,country_4,ID_353,2005-06-01
1429,country_13,ID_1269,2019-02-01
1430,country_22,ID_1876,2016-11-01
1431,country_21,ID_1749,2006-11-01
1432,country_22,ID_1853,2014-09-01
1433,country_35,ID_1146,2006-06-01
1434,country_37,ID_566,2022-04-01
1435,country_13,ID_1244,2020-03-01
1436,country_21,ID_1763,2015-11-01
1441,country_21,ID_1775,2016-04-01
1442,country_20,ID_1620,2013-11-01
1444,country_16,ID_1408,2022-01-01
1445,country_22,ID_1842,2017-09-01
1446,country_2,ID_120,2022-03-01
1447,country_22,ID_1860,2016-06-01
1448,country_20,ID_1656,2021-06-01
1449,country_24,ID_1995,2019-11-01
1450,country_7,ID_678,2022-03-01
1452,country_0,ID_62,2019-01-01
1453,country_16,ID_1389,2009-10-01
1454,country_21,ID_1776,2011-07-01
1455,country_41,ID_3083,2014-11-01
1456,country_42,ID_3032,2001-10-01
1457,country_6,ID_520,2009-05-01
1460,country_37,ID_581,2017-02-01
1462,country_35,ID_1136,2007-11-01
1463,country_22,ID_1859,2011-02-01
1464,country_41,ID_3083,2005-10-01
1465,country_30,ID_2391,2018-09-01
1466,country_37,ID_610,2016-05-01
1468,country_21,ID_1754,2013-03-01
1469,country_6,ID_478,2017-12-01
1470,country_4,ID_315,2014-11-01
1474,country_41,ID_3107,2012-11-01
1475,country_4,ID_353,2015-12-01
1476,country_38,ID_2949,2017-01-01
1479,country_35,ID_1145,2015-10-01
1480,country_1,ID_205,2013-08-01
1483,country_32,ID_2656,2022-01-01
1484,country_21,ID_1774,2020-10-01
1485,country_18,ID_1592,2006-09-01
1486,country_41,ID_3107,1996-11-01
1489,country_2,ID_117,2021-02-01
1490,country_6,ID_515,2004-03-01
1491,country_6,ID_476,2014-11-01
1492,country_6,ID_476,2000-09-01
1493,country_6,ID_476,2013-11-01
1497,country_38,ID_2949,2003-10-01
1502,country_4,ID_331,2012-10-01
1504,country_41,ID_3087,2013-06-01
1505,country_41,ID_3082,2005-12-01
1508,country_22,ID_1843,2014-10-01
1509,country_18,ID_1549,2017-04-01
1510,country_21,ID_1793,2014-08-01
1512,country_2,ID_105,2013-09-01
1513,country_35,ID_1188,2011-05-01
1514,country_6,ID_483,2013-12-01
1515,country_35,ID_1136,2022-01-01
1517,country_9,ID_789,2018-01-01
1518,country_20,ID_1644,2021-06-01
1519,country_15,ID_916,2008-04-01
1521,country_21,ID_1768,2016-06-01
1522,country_22,ID_1831,2008-03-01
1525,country_35,ID_1120,2008-02-01
1526,country_15,ID_898,2013-02-01
1527,country_22,ID_1856,2015-08-01
1528,country_32,ID_2632,2017-08-01
1529,country_42,ID_3030,2018-05-01
1530,country_6,ID_498,2008-12-01
1532,country_15,ID_886,2007-02-01
1534,country_38,ID_2945,2019-02-01
1535,country_26,ID_2091,2020-07-01
1536,country_21,ID_1753,2015-02-01
1537,country_2,ID_91,2013-04-01
1538,country_42,ID_3061,2020-08-01
1539,country_0,ID_62,2019-12-01
1540,country_34,ID_3167,2005-03-01
1541,country_4,ID_315,2000-02-01
1542,country_32,ID_2666,2001-03-01
1544,country_42,ID_3025,2012-09-01
1546,country_38,ID_2931,2009-04-01
1547,country_21,ID_1762,2015-09-01
1549,country_38,ID_2949,2015-10-01
1551,country_0,ID_37,2016-02-01
1553,country_22,ID_1831,2009-05-01
1554,country_18,ID_1591,2006-09-01
1556,country_6,ID_482,2017-10-01
1560,country_6,ID_463,2008-12-01
1562,country_35,ID_1137,1996-03-01
1563,country_24,ID_2014,2015-05-01
1564,country_22,ID_1866,2019-11-01
1565,country_4,ID_313,2021-06-01
1567,country_42,ID_3064,2021-08-01
1568,country_38,ID_2938,2011-05-01
1569,country_4,ID_326,2017-01-01
1570,country_35,ID_1177,2007-07-01
1571,country_7,ID_680,2020-11-01
1572,country_35,ID_1144,2016-01-01
1573,country_42,ID_3024,1996-05-01
1575,country_18,ID_1596,2013-10-01
1576,country_21,ID_1762,2015-08-01
1577,country_41,ID_3093,2006-09-01
1578,country_42,ID_3019,1999-05-01
1579,country_21,ID_1780,2021-07-01
1580,country_22,ID_1856,2014-11-01
1581,country_35,ID_1132,2015-04-01
1583,country_16,ID_1403,2018-11-01
1584,country_21,ID_1763,2013-11-01
1585,country_21,ID_1776,2021-07-01
1586,country_38,ID_2925,2004-05-01
1587,country_15,ID_951,2020-08-01
1591,country_4,ID_328,1999-09-01
1592,country_6,ID_458,2000-08-01
1593,country_13,ID_1269,2002-10-01
1594,country_41,ID_3121,1999-12-01
1596,country_35,ID_1156,2011-06-01
1597,country_1,ID_186,2012-02-01
1598,country_14,ID_1330,2019-06-01
1599,country_42,ID_3014,2017-12-01
1601,country_22,ID_1846,2014-02-01
1602,country_21,ID_1793,2009-01-01
1604,country_41,ID_3143,2015-04-01
1605,country_35,ID_1138,2016-10-01
1606,country_10,ID_815,2019-09-01
1608,country_21,ID_1743,2017-03-01
1609,country_14,ID_1324,2017-03-01
1613,country_38,ID_2978,2012-03-01
1614,country_42,ID_3024,2001-06-01
1615,country_14,ID_1349,2018-12-01
1616,country_20,ID_1666,2010-04-01
1621,country_0,ID_40,2016-01-01
1622,country_35,ID_1136,2009-01-01
1623,country_35,ID_1158,2008-08-01
1624,country_41,ID_3112,2019-02-01
1626,country_16,ID_1402,2015-11-01
1628,country_16,ID_1407,2021-10-01
1629,country_42,ID_3019,2012-01-01
1630,country_22,ID_1839,2013-07-01
1631,country_42,ID_3010,2006-07-01
1632,country_20,ID_1644,2004-02-01
1634,country_21,ID_1797,2019-06-01
1635,country_4,ID_308,1993-08-01
1636,country_37,ID_576,2022-01-01
1639,country_4,ID_353,2022-02-01
1640,country_22,ID_1860,2020-01-01
1641,country_29,ID_2329,2022-02-01
1643,country_20,ID_1641,2009-03-01
1644,country_41,ID_3114,2021-03-01
1645,country_32,ID_2642,2015-07-01
1648,country_14,ID_1312,2009-07-01
1649,country_32,ID_2663,1999-09-01
1650,country_36,ID_2595,2019-02-01
1651,country_42,ID_3023,2007-07-01
1652,country_5,ID_435,2019-07-01
1653,country_4,ID_290,1999-08-01
1654,country_21,ID_1780,2020-09-01
1655,country_38,ID_2942,2011-04-01
1656,country_20,ID_1668,2021-01-01
1658,country_38,ID_2974,2011-12-01
1659,country_4,ID_333,2019-07-01
1660,country_18,ID_1594,2004-12-01
1661,country_38,ID_2929,2019-02-01
1662,country_20,ID_1644,2013-04-01
1663,country_20,ID_1643,2011-08-01
1665,country_24,ID_1994,2018-09-01
1666,country_6,ID_484,2000-10-01
1667,country_10,ID_834,2017-05-01
1668,country_41,ID_3107,2004-11-01
1669,country_42,ID_3026,2017-06-01
1671,country_35,ID_1144,2009-10-01
1672,country_38,ID_2919,2013-05-01
1674,country_18,ID_1572,2017-06-01
1676,country_1,ID_205,2020-08-01
1679,country_41,ID_3112,2008-03-01
1680,country_22,ID_1859,2013-07-01
1683,country_41,ID_3083,2011-04-01
1684,country_38,ID_2925,2018-09-01
1685,country_22,ID_1853,2012-02-01
1687,country_16,ID_1400,2010-06-01
1688,country_42,ID_3021,2022-02-01
1689,country_34,ID_3199,2018-12-01
1690,country_6,ID_520,2013-11-01
1691,country_35,ID_1150,2010-03-01
1692,country_14,ID_1349,2018-11-01
1694,country_1,ID_226,2014-03-01
1697,country_6,ID_476,1994-12-01
1698,country_18,ID_1596,2020-01-01
1699,country_22,ID_1847,2011-10-01
1702,country_10,ID_816,2001-10-01
1703,country_18,ID_1555,2010-05-01
1704,country_20,ID_1657,2021-06-01
1705,country_4,ID_308,2008-05-01
1706,country_42,ID_3064,2018-09-01
1707,country_35,ID_1132,2016-08-01
1708,country_31,ID_2493,2021-11-01
1709,country_1,ID_224,2011-07-01
1712,country_21,ID_1757,2018-09-01
1714,country_21,ID_1749,2019-08-01
1716,country_36,ID_2568,2018-10-01
1717,country_14,ID_1334,2021-07-01
1718,country_15,ID_886,2014-03-01
1720,country_41,ID_3093,2008-04-01
1722,country_4,ID_308,2013-06-01
1723,country_22,ID_1854,2020-07-01
1724,country_38,ID_2950,2015-06-01
1725,country_35,ID_1112,1999-02-01
1726,country_4,ID_321,2021-04-01
1727,country_15,ID_912,1991-03-01
1729,country_1,ID_205,2015-03-01
1730,country_5,ID_432,2016-05-01
1731,country_15,ID_905,2002-03-01
1732,country_22,ID_1876,2008-11-01
1733,country_14,ID_1320,2014-01-01
1734,country_41,ID_3112,2017-05-01
1736,country_35,ID_1135,2004-11-01
1737,country_42,ID_3030,2002-08-01
1739,country_20,ID_1638,2014-10-01
1740,country_35,ID_1139,1998-02-01
1741,country_11,ID_1004,2022-02-01
1745,country_22,ID_1851,2012-12-01
1746,country_15,ID_910,2016-12-01
1747,country_15,ID_910,2008-03-01
1748,country_4,ID_353,2018-07-01
1749,country_36,ID_2568,2002-09-01
1750,country_14,ID_1321,2006-11-01
1751,country_4,ID_308,2017-01-01
1755,country_32,ID_2669,2013-09-01
1756,country_31,ID_2501,2016-08-01
1757,country_1,ID_203,2015-02-01
1759,country_6,ID_475,2007-02-01
1761,country_41,ID_3108,2009-12-01
1762,country_36,ID_2562,2018-01-01
1764,country_4,ID_308,2009-06-01
1767,country_42,ID_3032,2001-01-01
1769,country_41,ID_3143,2006-08-01
1770,country_13,ID_1238,2020-04-01
1771,country_40,ID_2879,2021-03-01
1772,country_25,ID_2135,2021-02-01
1773,country_18,ID_1558,2007-09-01
1775,country_20,ID_1639,2001-08-01
1776,country_25,ID_2142,2018-12-01
1777,country_22,ID_1875,2016-10-01
1778,country_4,ID_308,2016-10-01
1779,country_15,ID_921,2015-09-01
1780,country_22,ID_1858,2019-01-01
1781,country_0,ID_27,2013-07-01
1782,country_42,ID_3064,2016-09-01
1783,country_36,ID_2595,2019-02-01
1785,country_14,ID_1330,2017-05-01
1787,country_15,ID_916,2021-03-01
1788,country_41,ID_3121,2013-04-01
1789,country_41,ID_3143,2003-05-01
1790,country_30,ID_2407,2003-08-01
1791,country_11,ID_1004,2021-12-01
1793,country_21,ID_1753,2007-09-01
1794,country_9,ID_789,2010-03-01
1796,country_35,ID_1120,2014-12-01
1797,country_42,ID_3032,2013-12-01
1798,country_42,ID_3025,2011-05-01
1800,country_38,ID_2945,2021-01-01
1802,country_13,ID_1269,2008-04-01
1803,country_22,ID_1849,2013-12-01
1804,country_13,ID_1269,2019-10-01
1805,country_6,ID_459,2013-11-01
1806,country_6,ID_482,2016-09-01
1807,country_4,ID_321,2013-11-01
1808,country_15,ID_879,1994-12-01
1809,country_38,ID_2919,2015-06-01
1810,country_0,ID_24,2021-05-01
1811,country_6,ID_499,2020-05-01
1812,country_4,ID_312,2010-11-01
1813,country_14,ID_1349,2012-01-01
1815,country_35,ID_1139,1999-06-01
1816,country_41,ID_3082,1997-09-01
1818,country_32,ID_2641,2009-07-01
1822,country_32,ID_2638,2016-07-01
1823,country_21,ID_1762,2013-02-01
1825,country_20,ID_1644,2005-05-01
1828,country_22,ID_1839,2013-01-01
1830,country_35,ID_1138,2015-04-01
1831,country_38,ID_2976,1999-02-01
1832,country_13,ID_1269,2021-03-01
1833,country_4,ID_328,2019-08-01
1834,country_20,ID_1666,2014-02-01
1835,country_22,ID_1842,2011-11-01
1836,country_42,ID_3019,2006-10-01
1839,country_14,ID_1320,2014-05-01
1840,country_4,ID_313,2002-09-01
1841,country_16,ID_1407,2022-01-01
1842,country_5,ID_435,2021-03-01
1844,country_15,ID_905,2014-05-01
1849,country_41,ID_3113,2002-01-01
1851,country_7,ID_675,2021-03-01
1853,country_22,ID_1859,2001-09-01
1854,country_15,ID_880,2003-07-01
1855,country_16,ID_1403,2016-04-01
1856,country_20,ID_1639,2016-06-01
1857,country_10,ID_834,2020-06-01
1860,country_4,ID_301,2019-11-01
1861,country_22,ID_1838,2010-12-01
1862,country_21,ID_1761,2006-08-01
1863,country_0,ID_42,2016-04-01
1865,country_15,ID_910,2008-10-01
1866,country_15,ID_910,2022-01-01
1867,country_10,ID_838,2021-11-01
1869,country_36,ID_2568,2015-03-01
1870,country_36,ID_2568,2013-12-01
1872,country_1,ID_226,2022-01-01
1873,country_40,ID_2882,2016-09-01
1874,country_38,ID_2929,2008-10-01
1875,country_5,ID_431,2019-07-01
1876,country_36,ID_2562,2020-12-01
1877,country_37,ID_610,2021-02-01
1880,country_34,ID_3200,2011-12-01
1881,country_10,ID_821,2018-10-01
1884,country_22,ID_1863,2021-07-01
1886,country_41,ID_3083,2014-09-01
1888,country_4,ID_354,2020-09-01
1889,country_4,ID_328,2017-10-01
1891,country_4,ID_320,2002-01-01
1892,country_42,ID_3026,2009-02-01
1895,country_41,ID_3143,2018-03-01
1897,country_4,ID_333,2017-10-01
1899,country_18,ID_1568,2022-03-01
1900,country_20,ID_1641,2005-10-01
1901,country_0,ID_42,2012-05-01
1902,country_4,ID_325,2010-04-01
1903,country_36,ID_2562,2016-02-01
1904,country_35,ID_1139,2014-09-01
1905,country_41,ID_3112,2022-03-01
1906,country_35,ID_1144,2016-11-01
1907,country_1,ID_198,2014-08-01
1908,country_20,ID_1635,2009-10-01
1909,country_10,ID_855,2012-06-01
1911,country_6,ID_495,2014-06-01
1912,country_35,ID_1132,2013-05-01
1914,country_18,ID_1583,2009-03-01
1915,country_41,ID_3093,2012-10-01
1916,country_0,ID_40,2011-10-01
1917,country_21,ID_1775,2012-03-01
1918,country_15,ID_903,1996-05-01
1919,country_35,ID_1131,2011-04-01
1920,country_41,ID_3082,2014-10-01
1923,country_30,ID_2407,2021-10-01
1925,country_20,ID_1641,1999-06-01
1927,country_35,ID_1114,2005-01-01
1928,country_32,ID_2670,1990-02-01
1929,country_35,ID_1188,2020-12-01
1931,country_33,ID_2702,2021-01-01
1932,country_1,ID_193,2003-03-01
1933,country_7,ID_675,2020-10-01
1934,country_38,ID_2974,2015-11-01
1936,country_14,ID_1349,2017-03-01
1937,country_21,ID_1753,2012-07-01
1938,country_18,ID_1596,2004-12-01
1939,country_35,ID_1136,2016-02-01
1941,country_18,ID_1566,2004-03-01
1942,country_0,ID_62,2012-12-01
1943,country_6,ID_494,2020-05-01
1945,country_42,ID_3026,1998-11-01
1946,country_41,ID_3112,2014-10-01
1948,country_32,ID_2674,2021-02-01
1951,country_42,ID_3043,2002-06-01
1953,country_22,ID_1846,2020-04-01
1954,country_38,ID_2950,2017-01-01
1955,country_4,ID_315,2019-02-01
1957,country_15,ID_952,2020-09-01
1958,country_21,ID_1746,2001-05-01
1959,country_16,ID_1402,2014-09-01
1960,country_35,ID_1187,1999-04-01
1961,country_41,ID_3116,2021-07-01
1963,country_6,ID_463,2013-05-01
1964,country_4,ID_321,2015-09-01
1966,country_20,ID_1645,2016-10-01
1968,country_13,ID_1238,2018-09-01
1969,country_22,ID_1841,2020-06-01
1970,country_14,ID_1332,2019-10-01
1971,country_2,ID_125,2015-06-01
1972,country_32,ID_2618,2002-02-01
1973,country_37,ID_610,2020-05-01
1974,country_42,ID_3026,2014-12-01
1976,country_15,ID_916,2017-02-01
1977,country_4,ID_325,2017-06-01
1981,country_4,ID_354,2002-06-01
1982,country_34,ID_3193,2022-04-01
1983,country_30,ID_2407,2000-04-01
1984,country_38,ID_2928,2015-04-01
1987,country_10,ID_843,2020-05-01
1988,country_24,ID_2000,2017-12-01
1990,country_35,ID_1139,2015-02-01
1991,country_14,ID_1315,2008-09-01
1993,country_4,ID_313,2002-06-01
1994,country_32,ID_2671,2003-10-01
1995,country_29,ID_2352,2021-09-01
1996,country_1,ID_228,2009-07-01
1998,country_4,ID_320,2017-12-01
1999,country_42,ID_3046,2021-02-01
2000,country_18,ID_1596,2010-07-01
2001,country_42,ID_3042,2016-08-01
2004,country_34,ID_3218,2021-11-01
2006,country_22,ID_1860,2012-10-01
2007,country_21,ID_1749,2014-10-01
2008,country_38,ID_2943,2003-07-01
2009,country_15,ID_920,2016-08-01
2011,country_37,ID_557,2006-02-01
2012,country_38,ID_2980,2022-03-01
2014,country_14,ID_1308,2014-10-01
2017,country_6,ID_494,2017-10-01
2018,country_2,ID_105,2013-03-01
2021,country_35,ID_1177,2019-03-01
2022,country_35,ID_1155,2022-01-01
2023,country_42,ID_3064,2015-08-01
2024,country_29,ID_2324,2017-02-01
2025,country_31,ID_2491,2012-12-01
2026,country_35,ID_1144,2019-02-01
2027,country_40,ID_2884,2021-11-01
2028,country_15,ID_880,2019-12-01
2029,country_4,ID_308,2022-02-01
2030,country_14,ID_1334,2016-06-01
2032,country_6,ID_487,2021-06-01
2033,country_21,ID_1754,2015-06-01
2034,country_35,ID_1146,1996-07-01
2035,country_22,ID_1869,2015-01-01
2036,country_6,ID_476,1998-01-01
2037,country_15,ID_910,2017-12-01
2043,country_1,ID_226,2017-10-01
2046,country_42,ID_3036,2022-02-01
2047,country_21,ID_1763,2000-04-01
2048,country_21,ID_1762,2016-08-01
2050,country_22,ID_1836,2007-02-01
2051,country_20,ID_1644,2001-02-01
2052,country_24,ID_2014,2017-01-01
2053,country_21,ID_1748,1995-09-01
2055,country_6,ID_478,2014-03-01
2056,country_15,ID_950,2001-06-01
2057,country_21,ID_1754,2015-09-01
2058,country_4,ID_290,2002-11-01
2059,country_22,ID_1876,2022-01-01
2060,country_13,ID_1269,2020-05-01
2061,country_4,ID_315,2016-02-01
2064,country_21,ID_1797,2008-05-01
2065,country_38,ID_2936,2005-09-01
2066,country_4,ID_352,2013-02-01
2067,country_6,ID_493,2018-01-01
2068,country_38,ID_2922,2001-12-01
2069,country_4,ID_315,2015-03-01
2070,country_21,ID_1731,2018-06-01
2071,country_15,ID_905,1999-08-01
2072,country_14,ID_1296,2015-02-01
2073,country_38,ID_2922,2000-03-01
2074,country_6,ID_475,2013-12-01
2076,country_15,ID_922,2016-03-01
2077,country_18,ID_1594,2018-05-01
2078,country_22,ID_1876,2015-12-01
2079,country_42,ID_3014,2021-07-01
2082,country_22,ID_1844,2018-02-01
2084,country_42,ID_3025,2016-08-01
2085,country_16,ID_1410,2017-04-01
2086,country_20,ID_1664,2002-11-01
2087,country_24,ID_1997,2012-01-01
2088,country_32,ID_2660,1988-08-01
2089,country_16,ID_1407,2017-09-01
2091,country_38,ID_2950,2021-01-01
2092,country_20,ID_1645,2004-08-01
2093,country_32,ID_2616,1999-02-01
2095,country_6,ID_483,2003-02-01
2096,country_41,ID_3143,2008-11-01
2098,country_36,ID_2582,2020-10-01
2099,country_32,ID_2671,2015-11-01
2102,country_15,ID_905,2018-04-01
2103,country_41,ID_3083,2015-01-01
2104,country_22,ID_1858,2016-01-01
2105,country_15,ID_898,2013-12-01
2106,country_4,ID_337,2010-10-01
2108,country_15,ID_903,2013-08-01
2109,country_24,ID_1979,2019-12-01
2110,country_38,ID_2938,2008-10-01
2112,country_34,ID_3203,2012-03-01
2113,country_24,ID_1994,2019-03-01
2114,country_32,ID_2669,2011-02-01
2115,country_38,ID_2941,2007-10-01
2116,country_20,ID_1666,2019-03-01
2118,country_34,ID_3187,2012-02-01
2119,country_21,ID_1763,2017-12-01
2120,country_38,ID_2978,2018-12-01
2121,country_7,ID_644,2007-09-01
2123,country_2,ID_132,2019-02-01
2124,country_32,ID_2636,2014-03-01
2125,country_38,ID_2978,2021-07-01
2126,country_2,ID_91,2007-10-01
2129,country_22,ID_1847,2010-11-01
2131,country_35,ID_1138,1997-03-01
2134,country_4,ID_325,2016-12-01
2135,country_18,ID_1558,2014-09-01
2136,country_32,ID_2671,2009-08-01
2140,country_4,ID_352,2013-11-01
2141,country_21,ID_1753,2020-01-01
2143,country_15,ID_912,2001-05-01
2145,country_21,ID_1793,2014-05-01
2146,country_0,ID_27,2019-11-01
2147,country_4,ID_310,2021-06-01
2148,country_22,ID_1846,2008-11-01
2149,country_1,ID_209,2012-02-01
2150,country_22,ID_1847,2011-09-01
2151,country_6,ID_483,2013-01-01
2153,country_42,ID_3005,1999-04-01
2154,country_16,ID_1403,2018-10-01
2157,country_38,ID_2942,2016-05-01
2158,country_22,ID_1876,2021-03-01
2159,country_42,ID_3030,2008-07-01
2160,country_35,ID_1135,2013-04-01
2161,country_16,ID_1403,2015-07-01
2162,country_35,ID_1130,1996-03-01
2163,country_38,ID_2929,2022-02-01
2164,country_21,ID_1757,2017-05-01
2165,country_4,ID_329,2009-03-01
2167,country_22,ID_1856,2018-04-01
2168,country_24,ID_2000,2015-10-01
2169,country_38,ID_2941,2009-08-01
2170,country_41,ID_3090,2013-06-01
2175,country_35,ID_1132,2010-04-01
2176,country_24,ID_1993,2021-09-01
2177,country_14,ID_1314,2017-01-01
2178,country_31,ID_2499,2010-12-01
2180,country_31,ID_2514,2017-10-01
2181,country_21,ID_1768,2017-02-01
2182,country_15,ID_912,2013-11-01
2186,country_21,ID_1768,2017-12-01
2188,country_38,ID_2925,2001-05-01
2189,country_32,ID_2674,2017-11-01
2190,country_14,ID_1323,2013-03-01
2191,country_35,ID_1151,2022-04-01
2192,country_35,ID_1112,2018-07-01
2194,country_35,ID_1132,2012-04-01
2195,country_22,ID_1842,2008-07-01
2197,country_32,ID_2642,2016-04-01
2199,country_35,ID_1146,2013-10-01
2200,country_6,ID_478,2014-08-01
2202,country_15,ID_926,2020-04-01
2203,country_22,ID_1876,2018-09-01
2204,country_22,ID_1846,2021-07-01
2205,country_35,ID_1144,2003-12-01
2206,country_1,ID_190,2021-08-01
2207,country_21,ID_1754,2004-12-01
2209,country_22,ID_1831,2014-12-01
2210,country_13,ID_1244,2015-08-01
2211,country_7,ID_641,2009-12-01
2212,country_13,ID_1257,2020-10-01
2214,country_21,ID_1754,2015-11-01
2216,country_18,ID_1551,2001-04-01
2217,country_5,ID_432,2014-11-01
2219,country_14,ID_1333,2012-10-01
2220,country_14,ID_1349,2006-04-01
2221,country_25,ID_2137,2020-10-01
2223,country_14,ID_1321,1990-08-01
2227,country_38,ID_2938,2019-07-01
2228,country_35,ID_1177,2002-08-01
2229,country_7,ID_658,2016-02-01
2230,country_14,ID_1349,2014-05-01
2231,country_22,ID_1860,2010-02-01
2232,country_22,ID_1836,2012-03-01
2233,country_21,ID_1762,2014-04-01
2235,country_36,ID_2562,2015-04-01
2236,country_32,ID_2628,2014-06-01
2238,country_35,ID_1177,2018-02-01
2239,country_5,ID_432,2013-12-01
2240,country_38,ID_2973,2019-01-01
2242,country_21,ID_1775,2015-08-01
2243,country_35,ID_1136,2009-02-01
2244,country_36,ID_2568,2017-12-01
2245,country_20,ID_1639,2021-04-01
2246,country_21,ID_1763,2007-04-01
2247,country_35,ID_1136,2020-09-01
2248,country_42,ID_3031,1991-03-01
2249,country_16,ID_1397,2021-06-01
2251,country_22,ID_1846,2006-10-01
2252,country_6,ID_478,2008-07-01
2254,country_16,ID_1437,2015-07-01
2258,country_15,ID_879,2018-09-01
2259,country_2,ID_98,2005-01-01
2261,country_6,ID_482,2006-11-01
2262,country_38,ID_2942,2018-09-01
2263,country_21,ID_1766,2004-03-01
2264,country_35,ID_1132,2015-04-01
2265,country_4,ID_313,2016-08-01
2266,country_41,ID_3116,2022-02-01
2268,country_20,ID_1645,2001-08-01
2269,country_42,ID_3026,2014-03-01
2270,country_38,ID_2942,2017-06-01
2271,country_35,ID_1156,2015-11-01
2273,country_29,ID_2348,2019-09-01
2274,country_37,ID_570,2019-11-01
2275,country_42,ID_3031,1996-08-01
2276,country_42,ID_3022,2006-11-01
2278,country_21,ID_1797,2019-07-01
2280,country_32,ID_2636,2014-02-01
2282,country_37,ID_610,2017-05-01
2284,country_38,ID_2978,2020-05-01
2285,country_32,ID_2628,1998-06-01
2287,country_6,ID_478,2021-08-01
2289,country_15,ID_901,2006-08-01
2290,country_32,ID_2636,2013-08-01
2291,country_14,ID_1313,2013-11-01
2294,country_42,ID_3043,2013-03-01
2296,country_22,ID_1840,2020-07-01
2297,country_4,ID_312,2016-08-01
2298,country_35,ID_1160,2009-06-01
2299,country_4,ID_320,2003-05-01
2301,country_4,ID_320,2015-03-01
2303,country_41,ID_3101,2020-02-01
2307,country_21,ID_1763,2003-12-01
2309,country_22,ID_1878,2012-03-01
2311,country_37,ID_562,2014-05-01
2312,country_22,ID_1847,2000-04-01
2314,country_29,ID_2318,2018-04-01
2317,country_42,ID_3026,2013-09-01
2319,country_38,ID_2922,2001-07-01
2320,country_15,ID_914,2019-10-01
2322,country_18,ID_1596,2018-02-01
2323,country_21,ID_1761,2018-01-01
2324,country_31,ID_2487,2017-10-01
2325,country_38,ID_2966,1992-11-01
2326,country_1,ID_193,2018-10-01
2327,country_21,ID_1797,2015-05-01
2328,country_22,ID_1870,2020-08-01
2330,country_35,ID_1146,2000-11-01
2331,country_18,ID_1567,2018-03-01
2332,country_13,ID_1244,2018-12-01
2333,country_20,ID_1629,2011-10-01
2335,country_15,ID_917,2021-01-01
2337,country_15,ID_942,2002-11-01
2338,country_21,ID_1756,2007-07-01
2340,country_20,ID_1634,2010-06-01
2343,country_42,ID_3004,1998-02-01
2345,country_41,ID_3122,2007-02-01
2348,country_21,ID_1776,2014-11-01
2350,country_35,ID_1128,2001-06-01
2351,country_35,ID_1144,2018-01-01
2352,country_0,ID_27,2018-11-01
2353,country_24,ID_2018,2018-11-01
2354,country_22,ID_1839,2012-11-01
2355,country_4,ID_353,2019-01-01
2358,country_14,ID_1320,2006-07-01
2361,country_0,ID_40,2017-04-01
2364,country_34,ID_3220,2014-04-01
2366,country_4,ID_320,2014-11-01
2367,country_33,ID_2738,2021-08-01
2368,country_38,ID_2929,2015-09-01
2371,country_36,ID_2562,2020-10-01
2372,country_21,ID_1753,2009-11-01
2373,country_35,ID_1136,2013-02-01
2374,country_4,ID_308,2016-05-01
2376,country_37,ID_607,1963-08-01
2377,country_4,ID_325,2019-07-01
2379,country_20,ID_1644,2003-10-01
2380,country_14,ID_1351,2020-05-01
2382,country_14,ID_1313,1996-05-01
2383,country_14,ID_1321,2012-10-01
2386,country_4,ID_354,2018-01-01
2387,country_15,ID_921,2017-01-01
2388,country_20,ID_1664,2006-04-01
2391,country_20,ID_1645,2012-04-01
2392,country_22,ID_1858,2015-11-01
2393,country_4,ID_352,2019-01-01
2394,country_21,ID_1756,2006-11-01
2395,country_29,ID_2352,2020-03-01
2396,country_42,ID_3003,2000-09-01
2397,country_21,ID_1768,2019-01-01
2399,country_16,ID_1403,2019-06-01
2401,country_21,ID_1762,2004-06-01
2403,country_15,ID_916,2002-10-01
2405,country_35,ID_1135,2017-11-01
2407,country_16,ID_1410,2022-01-01
2409,country_16,ID_1401,2021-05-01
2410,country_14,ID_1316,2010-10-01
2411,country_35,ID_1144,2019-05-01
2412,country_21,ID_1768,2017-03-01
2413,country_14,ID_1320,2014-09-01
2415,country_20,ID_1666,2009-11-01
2416,country_4,ID_312,2014-10-01
2417,country_21,ID_1731,1994-08-01
2418,country_6,ID_484,2001-07-01
2420,country_9,ID_789,2019-05-01
2422,country_42,ID_3010,2007-08-01
2423,country_21,ID_1757,2019-02-01
2424,country_20,ID_1666,2018-07-01
2425,country_42,ID_3031,2014-07-01
2426,country_38,ID_2924,2007-04-01
2427,country_6,ID_482,2020-03-01
2428,country_21,ID_1778,2019-12-01
2430,country_35,ID_1139,2014-12-01
2431,country_15,ID_922,2012-01-01
2432,country_38,ID_2980,2014-07-01
2433,country_14,ID_1298,2003-11-01
2435,country_38,ID_2922,1998-07-01
2436,country_35,ID_1150,2015-10-01
2437,country_6,ID_484,1991-04-01
2439,country_42,ID_3064,2016-01-01
2440,country_18,ID_1572,2002-11-01
2442,country_16,ID_1389,2008-06-01
2443,country_41,ID_3113,2022-02-01
2445,country_2,ID_132,2019-08-01
2446,country_4,ID_315,2021-06-01
2447,country_22,ID_1844,2011-07-01
2448,country_16,ID_1389,2008-07-01
2452,country_16,ID_1393,2009-06-01
2453,country_42,ID_3042,2012-10-01
2455,country_4,ID_315,2007-08-01
2458,country_1,ID_198,2022-03-01
2460,country_35,ID_1189,2015-08-01
2463,country_24,ID_1999,2012-02-01
2465,country_42,ID_3031,2015-03-01
2466,country_21,ID_1761,2020-05-01
2467,country_10,ID_828,2012-12-01
2471,country_29,ID_2349,2018-09-01
2472,country_35,ID_1132,2006-07-01
2473,country_10,ID_810,2005-08-01
2474,country_0,ID_62,2007-03-01
2475,country_5,ID_431,2001-09-01
2476,country_21,ID_1803,2016-06-01
2477,country_38,ID_2954,2021-04-01
2478,country_4,ID_313,2014-10-01
2479,country_1,ID_205,2016-12-01
2482,country_4,ID_312,2009-02-01
2483,country_15,ID_911,2006-07-01
2487,country_15,ID_889,2011-09-01
2489,country_18,ID_1572,2018-05-01
2492,country_4,ID_315,2021-06-01
2493,country_18,ID_1568,2017-12-01
2494,country_24,ID_1978,2021-09-01
2496,country_22,ID_1846,2012-04-01
2497,country_30,ID_2404,2018-07-01
2498,country_15,ID_916,2017-12-01
2499,country_29,ID_2331,2020-01-01
2500,country_20,ID_1668,2000-04-01
2502,country_21,ID_1763,2016-04-01
2503,country_38,ID_2978,2019-02-01
2504,country_22,ID_1874,2000-01-01
2505,country_1,ID_193,2014-01-01
2506,country_15,ID_911,2017-10-01
2507,country_37,ID_581,2019-11-01
2508,country_5,ID_432,2014-02-01
2509,country_35,ID_1145,1996-01-01
2510,country_24,ID_2014,2008-09-01
2512,country_6,ID_487,2001-08-01
2513,country_6,ID_476,2014-11-01
2516,country_14,ID_1349,2019-10-01
2517,country_15,ID_903,2014-05-01
2519,country_6,ID_519,2018-10-01
2520,country_21,ID_1757,2021-05-01
2521,country_21,ID_1802,2021-01-01
2522,country_22,ID_1849,2019-04-01
2524,country_35,ID_1150,2017-09-01
2526,country_38,ID_2949,2003-04-01
2528,country_41,ID_3088,2002-11-01
2529,country_41,ID_3082,2011-09-01
2532,country_15,ID_951,2021-06-01
2533,country_38,ID_2978,2020-06-01
2534,country_42,ID_3031,2014-07-01
2536,country_38,ID_2938,2015-08-01
2538,country_29,ID_2324,2020-08-01
2539,country_33,ID_2717,2018-10-01
2540,country_38,ID_2945,2001-11-01
2541,country_38,ID_2943,2015-05-01
2542,country_21,ID_1757,2008-05-01
2543,country_21,ID_1749,2009-08-01
2545,country_14,ID_1333,2013-09-01
2546,country_6,ID_487,2013-12-01
2547,country_35,ID_1150,2019-06-01
2549,country_4,ID_354,2017-12-01
2550,country_42,ID_3031,2001-04-01
2551,country_21,ID_1768,2022-02-01
2553,country_37,ID_583,2017-12-01
2554,country_38,ID_2924,2002-06-01
2555,country_21,ID_1762,2016-06-01
2557,country_32,ID_2618,2000-10-01
2558,country_29,ID_2335,2017-06-01
2560,country_20,ID_1645,2000-10-01
2562,country_13,ID_1238,2020-02-01
2563,country_35,ID_1150,2019-03-01
2566,country_6,ID_487,2006-07-01
2567,country_33,ID_2702,2019-04-01
2568,country_42,ID_3025,2009-05-01
2571,country_6,ID_488,2020-06-01
2576,country_38,ID_2919,2017-07-01
2577,country_21,ID_1743,2022-04-01
2578,country_6,ID_474,2022-04-01
2580,country_6,ID_519,2021-12-01
2582,country_4,ID_337,2022-01-01
2584,country_6,ID_476,2013-12-01
2586,country_35,ID_1157,2001-01-01
2588,country_10,ID_838,2021-06-01
2589,country_4,ID_354,2010-07-01
2590,country_14,ID_1321,1996-06-01
2591,country_2,ID_119,2022-01-01
2593,country_21,ID_1775,2011-09-01
2594,country_42,ID_3010,2017-08-01
2596,country_36,ID_2562,2018-10-01
2597,country_35,ID_1158,2019-01-01
2598,country_21,ID_1754,2021-10-01
2599,country_6,ID_484,2015-07-01
2600,country_22,ID_1858,2017-01-01
2602,country_4,ID_292,1999-08-01
2603,country_41,ID_3113,2021-09-01
2606,country_24,ID_1995,2017-08-01
2611,country_0,ID_62,2013-08-01
2612,country_6,ID_469,2016-06-01
2615,country_42,ID_3032,2014-03-01
2616,country_29,ID_2348,2016-03-01
2617,country_38,ID_2968,2013-09-01
2619,country_0,ID_46,2016-01-01
2620,country_42,ID_3030,2019-02-01
2622,country_1,ID_228,2020-09-01
2623,country_42,ID_3026,2001-09-01
2624,country_41,ID_3112,2018-11-01
2626,country_41,ID_3122,2006-06-01
2628,country_32,ID_2625,1993-11-01
2629,country_31,ID_2480,2018-02-01
2630,country_15,ID_898,2009-12-01
2631,country_4,ID_325,2010-12-01
2632,country_35,ID_1139,2006-07-01
2633,country_37,ID_574,2021-10-01
2634,country_10,ID_819,2020-05-01
2636,country_22,ID_1871,2018-12-01
2637,country_15,ID_912,2000-07-01
2638,country_4,ID_319,2017-07-01
2639,country_15,ID_942,2020-06-01
2644,country_4,ID_354,2016-05-01
2645,country_20,ID_1639,1990-09-01
2646,country_35,ID_1113,2020-03-01
2647,country_6,ID_476,2001-01-01
2648,country_15,ID_897,2011-03-01
2649,country_21,ID_1762,2017-11-01
2650,country_16,ID_1393,2020-01-01
2651,country_31,ID_2497,2016-05-01
2652,country_41,ID_3113,2018-02-01
2653,country_37,ID_588,2019-10-01
2654,country_2,ID_117,2019-06-01
2655,country_6,ID_519,2016-07-01
2656,country_2,ID_127,2011-07-01
2658,country_42,ID_3046,2010-09-01
2660,country_22,ID_1856,2015-07-01
2661,country_21,ID_1761,2017-10-01
2662,country_41,ID_3104,2012-07-01
2663,country_41,ID_3143,2020-08-01
2664,country_21,ID_1768,2015-05-01
2665,country_22,ID_1876,2011-08-01
2666,country_41,ID_3107,2016-11-01
2668,country_10,ID_836,2021-09-01
2670,country_32,ID_2618,2007-09-01
2671,country_32,ID_2638,2014-03-01
2672,country_42,ID_3003,1994-11-01
2673,country_15,ID_906,2010-07-01
2674,country_35,ID_1155,2012-03-01
2675,country_21,ID_1756,2017-04-01
2676,country_35,ID_1162,2020-09-01
2677,country_4,ID_313,2004-01-01
2678,country_6,ID_493,2019-11-01
2679,country_21,ID_1778,2006-07-01
2680,country_13,ID_1238,2021-01-01
2681,country_0,ID_55,2021-03-01
2682,country_29,ID_2330,2013-11-01
2684,country_6,ID_494,2012-12-01
2685,country_38,ID_2976,2021-02-01
2686,country_37,ID_607,2002-01-01
2687,country_21,ID_1752,2001-11-01
2688,country_22,ID_1839,2009-12-01
2689,country_35,ID_1125,2019-04-01
2690,country_38,ID_2949,2001-11-01
2691,country_6,ID_484,1996-08-01
2695,country_0,ID_21,2006-01-01
2696,country_32,ID_2636,2016-08-01
2697,country_6,ID_457,1999-04-01
2699,country_34,ID_3218,2021-03-01
2700,country_10,ID_836,2020-09-01
2701,country_41,ID_3143,2019-03-01
2702,country_20,ID_1639,1995-05-01
2703,country_22,ID_1876,2019-02-01
2705,country_21,ID_1793,2011-06-01
2706,country_15,ID_942,2017-05-01
2708,country_18,ID_1591,2017-08-01
2710,country_22,ID_1874,2011-01-01
2711,country_6,ID_457,2002-05-01
2712,country_15,ID_879,1997-09-01
2714,country_38,ID_2934,2009-02-01
2715,country_6,ID_521,2019-07-01
2716,country_4,ID_310,2022-01-01
2717,country_38,ID_2929,2009-05-01
2718,country_20,ID_1666,2021-06-01
2723,country_2,ID_98,2021-05-01
2725,country_16,ID_1440,2011-09-01
2726,country_36,ID_2595,2009-11-01
2728,country_42,ID_3034,2022-04-01
2729,country_38,ID_2976,2011-11-01
2730,country_1,ID_226,2016-07-01
2731,country_2,ID_127,2016-07-01
2732,country_37,ID_565,2019-05-01
2734,country_21,ID_1768,2010-09-01
2735,country_14,ID_1320,2013-08-01
2736,country_34,ID_3200,2018-11-01
2737,country_22,ID_1841,2016-11-01
2739,country_38,ID_2949,2015-01-01
2740,country_36,ID_2562,2008-03-01
2743,country_21,ID_1774,2001-02-01
2744,country_37,ID_576,2020-12-01
2746,country_6,ID_477,2006-11-01
2747,country_32,ID_2625,1997-06-01
2748,country_1,ID_224,2009-10-01
2749,country_14,ID_1306,2004-08-01
2751,country_10,ID_842,2008-12-01
2753,country_15,ID_916,1998-12-01
2754,country_38,ID_2978,2010-02-01
2756,country_38,ID_2966,1991-10-01
2757,country_13,ID_1238,2015-11-01
2758,country_6,ID_463,2007-03-01
2759,country_24,ID_2018,2016-05-01
2760,country_7,ID_644,2019-05-01
2761,country_18,ID_1567,2022-04-01
2762,country_35,ID_1125,2017-09-01
2763,country_36,ID_2595,2007-11-01
2765,country_34,ID_3218,2021-08-01
2766,country_2,ID_125,2019-03-01
2768,country_41,ID_3093,2005-09-01
2771,country_22,ID_1876,2008-05-01
2772,country_37,ID_566,2004-07-01
2773,country_42,ID_3030,2017-05-01
2775,country_14,ID_1289,1995-02-01
2776,country_24,ID_1998,2015-11-01
2777,country_14,ID_1349,2016-10-01
2779,country_22,ID_1860,2016-09-01
2780,country_15,ID_903,2014-08-01
2781,country_36,ID_2562,2019-02-01
2782,country_21,ID_1797,2010-12-01
2784,country_20,ID_1620,2016-09-01
2786,country_37,ID_577,2020-09-01
2787,country_10,ID_838,2020-03-01
2788,country_15,ID_903,2001-04-01
2789,country_1,ID_203,2016-09-01
2792,country_35,ID_1136,2010-08-01
2793,country_4,ID_353,2013-06-01
2794,country_42,ID_3059,2021-08-01
2795,country_38,ID_2978,2022-02-01
2797,country_42,ID_3019,2014-04-01
2798,country_38,ID_2949,2020-04-01
2799,country_21,ID_1763,2015-02-01
2800,country_10,ID_856,2005-10-01
2804,country_35,ID_1137,2006-05-01
2807,country_4,ID_354,2019-03-01
2808,country_35,ID_1177,2017-03-01
2809,country_20,ID_1639,2013-02-01
2810,country_21,ID_1761,2014-07-01
2811,country_38,ID_2936,2002-06-01
2812,country_4,ID_308,2014-09-01
2813,country_21,ID_1754,2004-09-01
2814,country_15,ID_905,2014-03-01
2815,country_42,ID_3019,2012-11-01
2817,country_6,ID_475,2001-07-01
2819,country_38,ID_2925,2015-08-01
2821,country_4,ID_320,2014-03-01
2822,country_13,ID_1238,2008-03-01
2823,country_35,ID_1150,2002-06-01
2825,country_4,ID_331,2016-07-01
2826,country_6,ID_478,1998-04-01
2828,country_13,ID_1244,2018-10-01
2829,country_22,ID_1823,2016-07-01
2830,country_14,ID_1313,2001-03-01
2831,country_15,ID_911,2013-06-01
2832,country_42,ID_3026,2020-12-01
2833,country_4,ID_315,2021-10-01
2834,country_37,ID_588,2022-02-01
2835,country_38,ID_2925,2016-12-01
2836,country_31,ID_2497,2010-09-01
2837,country_21,ID_1761,2001-09-01
2838,country_18,ID_1572,2010-07-01
2839,country_14,ID_1351,2010-10-01
2841,country_37,ID_610,2016-06-01
2842,country_38,ID_2942,2009-08-01
2844,country_15,ID_881,1999-07-01
2845,country_30,ID_2404,2020-03-01
2847,country_42,ID_3041,2012-06-01
2848,country_42,ID_3030,2008-10-01
2849,country_37,ID_566,2019-08-01
2850,country_6,ID_499,2019-10-01
2851,country_15,ID_910,2019-10-01
2853,country_4,ID_352,2008-10-01
2854,country_42,ID_3031,2013-07-01
2857,country_42,ID_3064,2012-07-01
2858,country_6,ID_457,1997-09-01
2860,country_29,ID_2330,2018-04-01
2861,country_38,ID_2950,2011-05-01
2863,country_35,ID_1139,2021-05-01
2865,country_40,ID_2886,2021-01-01
2867,country_22,ID_1839,2014-07-01
2868,country_32,ID_2669,2013-08-01
2869,country_20,ID_1620,1995-10-01
2871,country_41,ID_3083,2002-02-01
2872,country_32,ID_2671,2016-11-01
2873,country_21,ID_1797,2020-04-01
2874,country_35,ID_1144,2017-01-01
2875,country_42,ID_3042,2021-09-01
2878,country_1,ID_226,2021-01-01
2882,country_14,ID_1313,2014-05-01
2883,country_9,ID_777,2012-09-01
2885,country_37,ID_566,2021-05-01
2886,country_10,ID_819,2015-10-01
2888,country_14,ID_1290,1999-11-01
2890,country_38,ID_2934,1998-03-01
2891,country_15,ID_951,2015-04-01
2892,country_42,ID_3021,2018-09-01
2893,country_35,ID_1161,2022-03-01
2895,country_6,ID_483,2013-07-01
2896,country_6,ID_476,2001-03-01
2897,country_35,ID_1149,2016-07-01
2898,country_20,ID_1666,2018-07-01
2899,country_14,ID_1349,2008-09-01
2902,country_14,ID_1321,2014-07-01
2903,country_20,ID_1666,2019-08-01
2904,country_36,ID_2562,2013-10-01
2905,country_9,ID_789,2020-05-01
2906,country_15,ID_952,2015-02-01
2907,country_32,ID_2671,2020-06-01
2911,country_36,ID_2568,2009-11-01
2913,country_14,ID_1351,2013-08-01
2915,country_36,ID_2595,2021-07-01
2916,country_22,ID_1836,2015-03-01
2917,country_6,ID_484,2014-04-01
2918,country_41,ID_3098,2015-02-01
2920,country_35,ID_1144,2000-02-01
2921,country_30,ID_2402,2013-10-01
2922,country_18,ID_1591,2007-07-01
2923,country_41,ID_3112,2016-02-01
2924,country_20,ID_1635,2018-11-01
2925,country_30,ID_2425,2021-07-01
2926,country_18,ID_1581,2005-08-01
2927,country_13,ID_1238,2018-10-01
2928,country_4,ID_323,2022-01-01
2930,country_1,ID_198,2008-04-01
2934,country_42,ID_3019,2012-10-01
2935,country_15,ID_898,2016-08-01
2936,country_24,ID_1999,2013-08-01
2939,country_21,ID_1751,2020-05-01
2940,country_21,ID_1732,2019-08-01
2944,country_15,ID_905,2021-12-01
2945,country_38,ID_2919,2001-09-01
2947,country_37,ID_566,2022-01-01
2948,country_42,ID_3024,2014-11-01
2949,country_35,ID_1132,1999-12-01
2951,country_34,ID_3219,2018-11-01
2952,country_20,ID_1666,2022-04-01
2954,country_33,ID_2717,2019-10-01
2956,country_0,ID_62,2021-11-01
2957,country_21,ID_1761,2016-02-01
2958,country_4,ID_312,2016-08-01
2959,country_42,ID_3010,2009-01-01
2960,country_0,ID_62,2021-08-01
2962,country_0,ID_65,2017-01-01
2963,country_4,ID_353,2007-08-01
2965,country_41,ID_3083,2017-05-01
2969,country_4,ID_354,2021-10-01
2970,country_20,ID_1662,2015-07-01
2971,country_24,ID_1996,2020-03-01
2972,country_10,ID_821,2007-11-01
2973,country_18,ID_1566,2018-07-01
2976,country_34,ID_3184,2013-09-01
2977,country_21,ID_1749,2009-01-01
2980,country_37,ID_583,2019-10-01
2981,country_15,ID_912,2014-02-01
2982,country_22,ID_1876,2021-07-01
2984,country_21,ID_1751,2021-08-01
2985,country_42,ID_3063,2020-09-01
2986,country_22,ID_1849,2016-04-01
2988,country_22,ID_1870,2015-04-01
2989,country_18,ID_1559,2021-04-01
2990,country_15,ID_889,2004-02-01
2991,country_15,ID_910,2016-01-01
2992,country_22,ID_1865,2019-12-01
2993,country_6,ID_521,2020-05-01
2994,country_29,ID_2338,2022-04-01
2996,country_14,ID_1313,2014-03-01
2997,country_15,ID_905,2020-01-01
2998,country_21,ID_1776,2016-05-01
2999,country_41,ID_3082,2012-02-01
3000,country_32,ID_2638,2011-10-01
3001,country_21,ID_1763,2016-01-01
3002,country_35,ID_1138,2017-05-01
3004,country_10,ID_835,2015-02-01
3005,country_16,ID_1373,2004-02-01
3006,country_14,ID_1349,2018-11-01
3007,country_42,ID_3042,2019-03-01
3009,country_37,ID_562,2007-04-01
3010,country_14,ID_1315,2008-11-01
3011,country_21,ID_1761,2017-09-01
3012,country_15,ID_912,1996-08-01
3013,country_42,ID_3019,2008-08-01
3014,country_14,ID_1320,2001-11-01
3015,country_18,ID_1550,2008-08-01
3016,country_35,ID_1132,2014-01-01
3017,country_2,ID_105,2002-03-01
3018,country_4,ID_354,2017-03-01
3021,country_1,ID_198,2021-12-01
3024,country_37,ID_583,2015-04-01
3026,country_18,ID_1597,2005-12-01
3027,country_20,ID_1629,1996-05-01
3028,country_35,ID_1145,2013-07-01
3029,country_6,ID_483,1990-12-01
3031,country_4,ID_311,2014-05-01
3032,country_18,ID_1546,2003-05-01
3033,country_42,ID_3062,2020-03-01
3034,country_38,ID_2978,2011-02-01
3035,country_35,ID_1145,2000-05-01
3036,country_21,ID_1753,2008-01-01
3038,country_20,ID_1629,2007-09-01
3040,country_42,ID_3026,2006-07-01
3041,country_0,ID_62,2012-07-01
3042,country_18,ID_1592,2012-02-01
3043,country_42,ID_3030,2016-01-01
3045,country_2,ID_122,2019-07-01
3047,country_6,ID_476,1998-05-01
3049,country_14,ID_1289,1999-05-01
3050,country_15,ID_896,1995-07-01
3051,country_42,ID_3026,2014-03-01
3052,country_20,ID_1670,2021-06-01
3053,country_6,ID_519,2018-10-01
3054,country_15,ID_896,2011-09-01
3055,country_35,ID_1146,2015-07-01
3056,country_21,ID_1757,1999-08-01
3058,country_34,ID_3201,2020-10-01
3059,country_21,ID_1775,2016-01-01
3060,country_18,ID_1555,2009-01-01
3062,country_22,ID_1860,2020-08-01
3063,country_15,ID_922,2020-06-01
3067,country_2,ID_131,2022-02-01
3068,country_16,ID_1403,2015-05-01
3072,country_41,ID_3099,2000-10-01
3073,country_6,ID_458,1996-12-01
3076,country_38,ID_2925,2013-01-01
3078,country_21,ID_1762,1997-09-01
3079,country_22,ID_1875,2021-04-01
3080,country_14,ID_1308,2009-09-01
3081,country_10,ID_828,2022-01-01
3082,country_4,ID_319,2010-07-01
3084,country_42,ID_3031,2001-03-01
3085,country_22,ID_1854,2015-09-01
3086,country_7,ID_675,2000-05-01
3087,country_4,ID_302,2020-04-01
3088,country_21,ID_1780,2022-03-01
3089,country_21,ID_1754,2016-05-01
3090,country_5,ID_433,2013-03-01
3091,country_20,ID_1639,1997-06-01
3092,country_21,ID_1738,2013-08-01
3093,country_36,ID_2595,2002-09-01
3094,country_14,ID_1314,2014-09-01
3095,country_40,ID_2882,2022-03-01
3096,country_7,ID_675,2012-02-01
3097,country_15,ID_898,2010-03-01
3103,country_32,ID_2671,2014-12-01
3104,country_24,ID_2016,2014-06-01
3106,country_21,ID_1749,2011-07-01
3108,country_35,ID_1138,2006-08-01
3110,country_35,ID_1132,2011-11-01
3113,country_35,ID_1132,2015-11-01
3115,country_6,ID_482,2014-05-01
3118,country_22,ID_1869,2012-05-01
3119,country_30,ID_2417,2020-03-01
3121,country_15,ID_910,2002-08-01
3122,country_21,ID_1797,2017-02-01
3123,country_29,ID_2326,2020-07-01
3124,country_15,ID_903,2006-08-01
3125,country_24,ID_2014,2011-05-01
3126,country_20,ID_1620,1999-08-01
3127,country_32,ID_2661,2008-02-01
3128,country_41,ID_3099,2014-05-01
3129,country_15,ID_905,2009-02-01
3131,country_32,ID_2618,2004-07-01
3132,country_4,ID_352,2002-04-01
3133,country_29,ID_2351,2021-01-01
3135,country_35,ID_1122,2004-10-01
3136,country_24,ID_1991,2022-03-01
3139,country_14,ID_1314,2016-07-01
3140,country_20,ID_1622,2000-05-01
3141,country_9,ID_793,2019-01-01
3145,country_16,ID_1401,2021-10-01
3146,country_22,ID_1872,2013-10-01
3147,country_10,ID_835,2020-10-01
3148,country_6,ID_477,1997-08-01
3149,country_20,ID_1635,2010-01-01
3151,country_38,ID_2950,2014-10-01
3153,country_15,ID_898,2009-03-01
3154,country_6,ID_482,2018-11-01
3156,country_29,ID_2329,2014-02-01
3158,country_37,ID_583,2021-01-01
3159,country_35,ID_1145,2015-03-01
3160,country_6,ID_457,2015-06-01
3161,country_41,ID_3107,2012-11-01
3162,country_42,ID_3030,2017-12-01
3163,country_21,ID_1755,2014-01-01
3167,country_42,ID_3024,1991-01-01
3168,country_13,ID_1244,2021-01-01
3172,country_14,ID_1325,2022-01-01
3175,country_2,ID_142,2021-05-01
3176,country_41,ID_3104,2006-06-01
3177,country_10,ID_830,2012-09-01
3178,country_22,ID_1860,2011-01-01
3179,country_0,ID_62,2015-11-01
3180,country_1,ID_203,2013-07-01
3183,country_6,ID_477,2006-08-01
3184,country_22,ID_1875,2015-12-01
3185,country_32,ID_2631,2012-01-01
3189,country_21,ID_1776,2016-01-01
3190,country_2,ID_113,2021-09-01
3192,country_35,ID_1137,2013-07-01
3193,country_31,ID_2497,2013-05-01
3194,country_6,ID_477,2013-07-01
3195,country_6,ID_478,2014-02-01
3197,country_22,ID_1876,2002-08-01
3198,country_21,ID_1763,1998-01-01
3200,country_1,ID_198,2021-08-01
3202,country_35,ID_1135,2022-02-01
3204,country_22,ID_1859,2013-10-01
3206,country_35,ID_1150,2019-04-01
3208,country_37,ID_583,2016-06-01
3209,country_6,ID_465,1995-03-01
3212,country_7,ID_642,2004-05-01
3213,country_35,ID_1125,2016-12-01
3214,country_42,ID_3024,2014-08-01
3215,country_42,ID_3032,1991-01-01
3216,country_42,ID_3019,2007-06-01
3222,country_20,ID_1643,1999-11-01
3224,country_6,ID_477,2017-04-01
3225,country_16,ID_1373,2014-03-01
3228,country_35,ID_1138,2016-02-01
3229,country_41,ID_3094,2011-06-01
3230,country_15,ID_898,2007-12-01
3231,country_14,ID_1289,1997-07-01
3232,country_6,ID_515,2005-10-01
3234,country_32,ID_2641,2015-08-01
3237,country_10,ID_824,2008-03-01
3240,country_15,ID_903,2000-07-01
3241,country_21,ID_1738,2007-08-01
3242,country_21,ID_1762,2004-02-01
3244,country_4,ID_311,2007-09-01
3247,country_22,ID_1875,2020-08-01
3249,country_10,ID_840,2006-05-01
3250,country_16,ID_1410,2021-03-01
3251,country_20,ID_1638,2011-09-01
3252,country_4,ID_320,2016-01-01
3253,country_5,ID_431,2010-03-01
3255,country_4,ID_313,1999-05-01
3256,country_29,ID_2327,2014-12-01
3257,country_4,ID_319,2020-10-01
3258,country_0,ID_62,2020-10-01
3259,country_35,ID_1139,2002-03-01
3260,country_35,ID_1150,2008-05-01
3261,country_20,ID_1670,2021-07-01
3265,country_20,ID_1635,2002-11-01
3266,country_22,ID_1870,2014-09-01
3267,country_15,ID_901,2012-12-01
3268,country_35,ID_1137,2014-12-01
3269,country_21,ID_1754,1997-12-01
3271,country_22,ID_1842,2016-08-01
3272,country_15,ID_898,1999-09-01
3273,country_15,ID_898,2001-10-01
3274,country_30,ID_2391,2017-06-01
3276,country_14,ID_1350,2009-02-01
3278,country_37,ID_566,2017-12-01
3279,country_10,ID_815,2020-01-01
3281,country_42,ID_3022,2016-07-01
3283,country_4,ID_321,2018-04-01
3284,country_18,ID_1592,2018-05-01
3286,country_41,ID_3107,1997-02-01
3287,country_35,ID_1144,2016-03-01
3291,country_14,ID_1315,2014-06-01
3292,country_4,ID_321,2004-02-01
3294,country_21,ID_1775,2021-07-01
3295,country_24,ID_1998,2016-03-01
3296,country_41,ID_3082,2017-04-01
3297,country_36,ID_2568,2018-09-01
3299,country_30,ID_2413,2004-08-01
3300,country_15,ID_921,2011-11-01
3301,country_24,ID_2018,2015-12-01
3302,country_41,ID_3107,2021-07-01
3303,country_32,ID_2667,2002-04-01
3304,country_41,ID_3107,2020-10-01
3305,country_41,ID_3113,2020-05-01
3307,country_32,ID_2657,1998-08-01
3308,country_42,ID_3011,2004-04-01
3310,country_13,ID_1238,2016-12-01
3311,country_21,ID_1756,1997-02-01
3312,country_35,ID_1177,2021-07-01
3314,country_33,ID_2737,2022-02-01
3317,country_42,ID_3031,2006-09-01
3318,country_21,ID_1768,2018-10-01
3319,country_15,ID_952,2016-04-01
3321,country_16,ID_1389,2009-03-01
3322,country_42,ID_3019,2015-07-01
3325,country_20,ID_1635,2016-09-01
3326,country_13,ID_1269,2003-02-01
3327,country_14,ID_1306,1995-05-01
3328,country_15,ID_898,2014-12-01
3331,country_22,ID_1853,2021-01-01
3332,country_10,ID_816,2012-08-01
3334,country_38,ID_2945,2020-04-01
3337,country_42,ID_3044,2020-12-01
3338,country_6,ID_483,2014-05-01
3339,country_22,ID_1841,2015-01-01
3340,country_14,ID_1311,2016-05-01
3341,country_6,ID_469,2015-10-01
3342,country_42,ID_3025,2001-06-01
3343,country_32,ID_2671,2020-10-01
3350,country_35,ID_1189,2011-09-01
3353,country_22,ID_1841,2002-03-01
3354,country_4,ID_315,2018-06-01
3355,country_15,ID_942,2021-02-01
3356,country_6,ID_519,2001-08-01
3357,country_14,ID_1289,1997-07-01
3358,country_32,ID_2673,2011-07-01
3359,country_6,ID_520,2015-08-01
3362,country_21,ID_1732,2003-07-01
3364,country_15,ID_911,2001-05-01
3365,country_10,ID_824,2019-03-01
3368,country_37,ID_565,2017-07-01
3371,country_35,ID_1132,2010-07-01
3372,country_22,ID_1839,2014-12-01
3374,country_15,ID_914,2021-07-01
3377,country_41,ID_3113,2013-07-01
3378,country_32,ID_2671,2001-12-01
3379,country_32,ID_2671,2002-08-01
3380,country_7,ID_656,2020-10-01
3381,country_37,ID_566,2015-03-01
3382,country_42,ID_3019,2014-10-01
3383,country_29,ID_2324,2015-04-01
3384,country_21,ID_1768,2015-08-01
3386,country_38,ID_2920,2007-03-01
3387,country_7,ID_675,2012-12-01
3388,country_6,ID_478,2015-11-01
3389,country_4,ID_325,2018-03-01
3391,country_30,ID_2404,2014-10-01
3393,country_22,ID_1844,2021-08-01
3397,country_4,ID_315,2015-08-01
3398,country_5,ID_431,2004-01-01
3399,country_22,ID_1844,2015-06-01
3401,country_34,ID_3193,2022-04-01
3402,country_42,ID_3063,2011-11-01
3404,country_36,ID_2582,2020-04-01
3405,country_38,ID_2925,2020-10-01
3406,country_42,ID_3032,1995-11-01
3409,country_18,ID_1592,2012-04-01
3410,country_42,ID_3030,2021-11-01
3411,country_35,ID_1144,2002-03-01
3412,country_29,ID_2324,2015-04-01
3413,country_2,ID_127,2015-06-01
3414,country_6,ID_519,2005-05-01
3417,country_36,ID_2568,2016-01-01
3418,country_4,ID_306,2006-01-01
3421,country_38,ID_2934,2009-03-01
3423,country_42,ID_3047,2020-12-01
3425,country_36,ID_2568,2017-03-01
3426,country_35,ID_1177,2018-04-01
3429,country_21,ID_1757,2022-01-01
3430,country_4,ID_306,1998-11-01
3431,country_37,ID_583,2016-05-01
3432,country_9,ID_789,2010-02-01
3433,country_36,ID_2595,2020-11-01
3435,country_42,ID_3019,2014-12-01
3436,country_20,ID_1644,1990-05-01
3438,country_21,ID_1757,2005-08-01
3440,country_41,ID_3114,2020-06-01
3441,country_42,ID_3031,2017-08-01
3443,country_21,ID_1763,2021-11-01
3450,country_38,ID_2943,2016-07-01
3451,country_20,ID_1641,2018-03-01
3452,country_21,ID_1749,2010-03-01
3453,country_6,ID_482,2018-08-01
3455,country_41,ID_3082,2014-12-01
3456,country_22,ID_1864,2020-11-01
3459,country_2,ID_125,2013-02-01
3461,country_20,ID_1641,2013-03-01
3462,country_22,ID_1843,2016-03-01
3465,country_15,ID_923,2013-11-01
3466,country_15,ID_921,2016-02-01
3467,country_24,ID_1994,2016-12-01
3469,country_38,ID_2966,1998-10-01
3471,country_21,ID_1797,2016-04-01
3472,country_41,ID_3113,2021-12-01
3473,country_38,ID_2919,2000-09-01
3474,country_29,ID_2331,2013-06-01
3476,country_15,ID_912,2007-01-01
3477,country_35,ID_1150,2019-07-01
3478,country_15,ID_904,2004-04-01
3479,country_32,ID_2632,2007-07-01
3480,country_18,ID_1594,2002-03-01
3482,country_42,ID_3032,2013-05-01
3483,country_42,ID_3035,2004-03-01
3485,country_41,ID_3099,2011-02-01
3486,country_20,ID_1638,2017-04-01
3487,country_15,ID_903,2014-08-01
3489,country_14,ID_1321,2000-11-01
3490,country_20,ID_1641,2018-10-01
3491,country_21,ID_1761,2019-10-01
3492,country_21,ID_1757,2019-08-01
3494,country_35,ID_1139,2018-07-01
3497,country_10,ID_838,2015-08-01
3498,country_4,ID_320,1998-06-01
3499,country_35,ID_1132,2020-07-01
3505,country_21,ID_1768,2008-06-01
3506,country_14,ID_1315,2014-08-01
3509,country_14,ID_1349,2021-02-01
3511,country_40,ID_2882,2017-01-01
3512,country_4,ID_321,2002-07-01
3514,country_6,ID_483,1996-03-01
3516,country_16,ID_1407,2020-11-01
3517,country_6,ID_482,2017-12-01
3521,country_4,ID_321,2018-05-01
3522,country_15,ID_916,2020-04-01
3524,country_41,ID_3112,2004-05-01
3526,country_42,ID_3022,2014-02-01
3527,country_21,ID_1749,2015-04-01
3529,country_6,ID_487,2019-04-01
3530,country_10,ID_856,2001-02-01
3534,country_36,ID_2568,2018-12-01
3535,country_42,ID_3044,2020-09-01
3537,country_22,ID_1844,2016-08-01
3540,country_10,ID_828,2021-05-01
3542,country_33,ID_2723,2020-08-01
3543,country_25,ID_2137,2021-03-01
3544,country_16,ID_1399,2017-11-01
3546,country_18,ID_1566,2017-02-01
3548,country_32,ID_2638,2016-03-01
3549,country_0,ID_62,2018-03-01
3551,country_10,ID_821,2014-11-01
3552,country_38,ID_2973,2013-08-01
3553,country_21,ID_1797,2015-03-01
3554,country_37,ID_577,2021-08-01
3556,country_42,ID_3063,2014-11-01
3557,country_15,ID_916,2016-05-01
3559,country_1,ID_228,2021-06-01
3561,country_14,ID_1307,2010-11-01
3562,country_15,ID_921,2020-05-01
3563,country_22,ID_1871,2014-07-01
3564,country_42,ID_3019,2010-02-01
3565,country_14,ID_1321,2002-05-01
3567,country_9,ID_793,2019-01-01
3569,country_32,ID_2632,2014-02-01
3570,country_15,ID_912,2017-07-01
3571,country_21,ID_1743,2021-01-01
3572,country_20,ID_1641,2008-08-01
3573,country_21,ID_1762,2000-08-01
3574,country_32,ID_2664,1989-12-01
3575,country_21,ID_1755,2001-04-01
3576,country_21,ID_1748,2004-04-01
3577,country_16,ID_1446,2015-02-01
3578,country_21,ID_1766,2017-03-01
3582,country_32,ID_2667,2008-11-01
3583,country_32,ID_2665,1997-01-01
3584,country_22,ID_1858,2019-01-01
3588,country_21,ID_1761,2019-11-01
3591,country_35,ID_1146,2014-09-01
3592,country_4,ID_353,2015-10-01
3593,country_32,ID_2636,2008-12-01
3594,country_42,ID_3025,2007-02-01
3595,country_32,ID_2671,2020-07-01
3597,country_37,ID_549,2007-07-01
3598,country_42,ID_3019,2014-06-01
3600,country_35,ID_1150,2017-05-01
3601,country_14,ID_1289,2000-11-01
3602,country_2,ID_129,2006-06-01
3604,country_15,ID_910,2017-03-01
3606,country_18,ID_1555,2014-08-01
3607,country_14,ID_1349,2016-01-01
3609,country_37,ID_587,2021-11-01
3611,country_4,ID_321,1998-01-01
3612,country_38,ID_2954,2022-04-01
3613,country_20,ID_1666,2020-01-01
3614,country_41,ID_3104,2001-08-01
3616,country_1,ID_227,2011-01-01
3619,country_2,ID_125,2016-08-01
3620,country_24,ID_2019,2019-12-01
3625,country_6,ID_475,2015-07-01
3626,country_37,ID_566,2005-04-01
3628,country_35,ID_1150,2018-06-01
3629,country_6,ID_484,1999-10-01
3630,country_15,ID_911,2014-01-01
3631,country_42,ID_3036,2021-11-01
3632,country_22,ID_1871,2017-01-01
3633,country_29,ID_2334,2018-07-01
3634,country_7,ID_679,2016-10-01
3635,country_22,ID_1843,2013-10-01
3636,country_42,ID_3025,2015-01-01
3637,country_13,ID_1269,2012-07-01
3638,country_38,ID_2974,2016-06-01
3639,country_21,ID_1761,2008-03-01
3640,country_6,ID_457,1995-11-01
3642,country_16,ID_1389,2008-12-01
3643,country_15,ID_912,2014-01-01
3644,country_22,ID_1876,2018-05-01
3646,country_0,ID_42,2016-11-01
3648,country_38,ID_2938,2002-04-01
3649,country_21,ID_1763,2015-02-01
3650,country_4,ID_321,2016-03-01
3652,country_21,ID_1754,2015-10-01
3653,country_0,ID_65,2017-05-01
3654,country_33,ID_2702,2020-06-01
3655,country_1,ID_198,2002-03-01
3658,country_41,ID_3094,2000-08-01
3659,country_15,ID_879,1998-02-01
3660,country_22,ID_1869,2020-02-01
3661,country_15,ID_896,2004-10-01
3662,country_38,ID_2929,2009-07-01
3663,country_6,ID_519,2006-07-01
3665,country_21,ID_1756,2012-12-01
3666,country_24,ID_1994,2013-03-01
3667,country_41,ID_3082,2006-02-01
3668,country_34,ID_3219,2021-04-01
3670,country_10,ID_824,2016-06-01
3673,country_36,ID_2568,2008-05-01
3674,country_21,ID_1749,2015-01-01
3676,country_4,ID_353,2014-05-01
3678,country_4,ID_315,2008-10-01
3680,country_38,ID_2966,1991-02-01
3682,country_21,ID_1763,2016-12-01
3687,country_4,ID_308,2019-06-01
3688,country_6,ID_493,2021-04-01
3690,country_6,ID_483,2000-08-01
3691,country_42,ID_3003,1999-05-01
3692,country_15,ID_950,2020-03-01
3693,country_33,ID_2717,2022-03-01
3694,country_42,ID_3030,2008-02-01
3695,country_42,ID_3032,2015-04-01
3696,country_6,ID_521,2018-02-01
3699,country_20,ID_1639,2004-04-01
3700,country_35,ID_1139,2015-05-01
3701,country_22,ID_1844,2012-05-01
3702,country_15,ID_951,2021-06-01
3705,country_24,ID_1968,2013-04-01
3707,country_4,ID_325,2022-02-01
3708,country_42,ID_3026,2008-10-01
3709,country_5,ID_410,2022-01-01
3710,country_30,ID_2419,2020-08-01
3711,country_32,ID_2630,2003-01-01
3712,country_18,ID_1591,2001-11-01
3713,country_18,ID_1581,2016-01-01
3714,country_20,ID_1641,1998-09-01
3715,country_15,ID_912,2014-10-01
3718,country_26,ID_2091,2020-05-01
3719,country_31,ID_2499,2012-08-01
3723,country_6,ID_476,1991-02-01
3724,country_22,ID_1824,2020-10-01
3727,country_6,ID_519,2020-10-01
3728,country_21,ID_1757,2021-11-01
3730,country_34,ID_3199,2021-06-01
3733,country_10,ID_836,2015-12-01
3734,country_21,ID_1731,1998-03-01
3735,country_16,ID_1393,2008-07-01
3737,country_21,ID_1803,2022-04-01
3738,country_20,ID_1664,2003-08-01
3741,country_15,ID_922,2017-07-01
3742,country_38,ID_2942,2021-01-01
3743,country_15,ID_941,2021-11-01
3744,country_21,ID_1768,2014-04-01
3746,country_15,ID_903,2013-12-01
3747,country_14,ID_1315,2021-03-01
3748,country_1,ID_201,2019-11-01
3749,country_6,ID_478,2009-01-01
3750,country_31,ID_2503,2013-09-01
3751,country_15,ID_952,2017-06-01
3754,country_42,ID_3043,2015-10-01
3755,country_37,ID_566,2021-08-01
3756,country_32,ID_2661,2013-06-01
3758,country_32,ID_2671,2019-08-01
3761,country_42,ID_3017,2011-10-01
3762,country_22,ID_1876,2008-05-01
3764,country_14,ID_1308,2009-08-01
3765,country_2,ID_113,2022-02-01
3766,country_15,ID_898,2015-02-01
3767,country_15,ID_904,2017-04-01
3769,country_33,ID_2717,2017-02-01
3770,country_4,ID_290,2002-12-01
3771,country_22,ID_1876,2016-05-01
3773,country_0,ID_62,2005-01-01
3774,country_38,ID_2942,2019-05-01
3776,country_21,ID_1763,2004-09-01
3777,country_5,ID_432,2015-04-01
3779,country_6,ID_519,2009-08-01
3780,country_14,ID_1321,2013-12-01
3783,country_10,ID_824,2009-01-01
3784,country_36,ID_2568,2021-04-01
3787,country_15,ID_912,2014-02-01
3788,country_16,ID_1446,2007-02-01
3789,country_14,ID_1321,2001-11-01
3790,country_35,ID_1150,2014-12-01
3791,country_21,ID_1797,2000-05-01
3793,country_38,ID_2943,2017-02-01
3794,country_21,ID_1761,2019-10-01
3796,country_18,ID_1594,2006-11-01
3799,country_4,ID_290,1998-09-01
3800,country_15,ID_886,2007-03-01
3802,country_11,ID_1017,2020-08-01
3803,country_41,ID_3083,1997-07-01
3804,country_38,ID_2931,2008-03-01
3805,country_22,ID_1860,2021-09-01
3806,country_30,ID_2420,2020-09-01
3808,country_42,ID_3019,2001-02-01
3809,country_15,ID_924,2006-10-01
3810,country_32,ID_2638,2015-09-01
3812,country_40,ID_2884,2016-12-01
3813,country_41,ID_3143,2014-09-01
3814,country_21,ID_1773,2020-06-01
3815,country_4,ID_299,1998-04-01
3816,country_38,ID_2919,2021-02-01
3819,country_18,ID_1594,2007-09-01
3820,country_16,ID_1407,2018-05-01
3822,country_24,ID_1997,2018-07-01
3823,country_35,ID_1144,2020-03-01
3824,country_16,ID_1402,2019-01-01
3826,country_14,ID_1308,2012-07-01
3827,country_21,ID_1754,2017-08-01
3829,country_16,ID_1388,2012-03-01
3831,country_41,ID_3107,2009-06-01
3832,country_41,ID_3107,2020-08-01
3833,country_15,ID_879,1999-08-01
3835,country_32,ID_2668,2007-10-01
3836,country_6,ID_494,2019-12-01
