,cluster_id,launch_date
0,ID_100,2004-08-01
1,ID_1000,2014-01-01
2,ID_1002,2011-08-01
3,ID_1003,2016-01-01
4,ID_1004,2015-11-01
5,ID_1005,2015-05-01
6,ID_1006,2005-11-01
7,ID_1009,2015-10-01
8,ID_1011,2015-09-01
9,ID_1013,2008-11-01
10,ID_1014,2010-09-01
11,ID_1015,2015-09-01
12,ID_102,2008-02-01
13,ID_1029,2017-01-01
14,ID_1030,2006-08-01
15,ID_1049,1996-10-01
16,ID_105,2007-11-01
17,ID_1050,1999-01-01
18,ID_1051,1997-08-01
19,ID_1054,1978-04-01
20,ID_1055,2012-01-01
21,ID_1056,2011-12-01
22,ID_1057,1998-11-01
23,ID_1058,2005-05-01
24,ID_1059,2004-01-01
25,ID_106,2008-08-01
26,ID_1060,2005-09-01
27,ID_1062,2011-02-01
28,ID_1063,2002-07-01
29,ID_1064,2011-08-01
30,ID_1065,2009-04-01
31,ID_1066,2011-12-01
32,ID_1068,2012-01-01
33,ID_1069,2011-08-01
34,ID_107,2006-12-01
35,ID_1070,2012-11-01
36,ID_1071,2012-01-01
37,ID_1072,2012-01-01
38,ID_1073,2012-09-01
39,ID_1074,2012-08-01
40,ID_1075,2010-04-01
41,ID_1076,2015-05-01
42,ID_1077,2015-12-01
43,ID_1078,2013-10-01
44,ID_108,2009-11-01
45,ID_1080,2016-04-01
46,ID_1082,2011-07-01
47,ID_1083,2013-12-01
48,ID_1084,2016-12-01
49,ID_1087,2007-06-01
50,ID_1089,2017-04-01
51,ID_109,2011-07-01
52,ID_1090,2007-08-01
53,ID_1091,2012-03-01
54,ID_1092,2011-08-01
55,ID_1093,2002-05-01
56,ID_1095,2008-04-01
57,ID_1097,2005-06-01
58,ID_1098,2017-03-01
59,ID_1099,2015-09-01
60,ID_11,2003-08-01
61,ID_110,2010-04-01
62,ID_1100,2009-12-01
63,ID_1101,2011-12-01
64,ID_1111,2001-04-01
65,ID_1112,1997-06-01
66,ID_1113,1997-12-01
67,ID_1114,1999-02-01
68,ID_1119,1999-09-01
69,ID_112,2010-04-01
70,ID_1120,2002-06-01
71,ID_1121,1998-10-01
72,ID_1122,2004-12-01
73,ID_1125,2006-01-01
74,ID_1128,1998-12-01
75,ID_1129,2001-08-01
76,ID_113,2015-03-01
77,ID_1130,2005-02-01
78,ID_1131,2008-05-01
79,ID_1132,2008-07-01
80,ID_1133,1996-06-01
81,ID_1135,2007-12-01
82,ID_1136,2009-01-01
83,ID_1137,2010-12-01
84,ID_1138,2010-12-01
85,ID_1139,2011-11-01
86,ID_114,2012-11-01
87,ID_1140,2010-08-01
88,ID_1141,2008-05-01
89,ID_1142,2009-06-01
90,ID_1143,2011-01-01
91,ID_1144,2015-09-01
92,ID_1145,2013-07-01
93,ID_1146,2013-12-01
94,ID_1147,2015-01-01
95,ID_1149,2012-12-01
96,ID_115,2014-01-01
97,ID_1150,2016-05-01
98,ID_1151,2016-09-01
99,ID_1153,2006-02-01
100,ID_1157,2009-04-01
101,ID_1158,2011-08-01
102,ID_1159,2015-06-01
103,ID_116,2014-01-01
104,ID_1178,2008-10-01
105,ID_1179,2008-03-01
106,ID_118,2011-11-01
107,ID_1180,2008-03-01
108,ID_1181,2016-07-01
109,ID_1182,2008-05-01
110,ID_1183,2010-12-01
111,ID_1184,2013-04-01
112,ID_1185,2014-01-01
113,ID_1186,2008-05-01
114,ID_1187,2007-01-01
115,ID_1188,2007-07-01
116,ID_1189,2014-04-01
117,ID_119,2016-01-01
118,ID_12,2001-09-01
119,ID_120,2015-08-01
120,ID_121,2006-03-01
121,ID_1216,1998-11-01
122,ID_1217,2002-01-01
123,ID_1219,2004-06-01
124,ID_1222,2005-12-01
125,ID_1225,2004-07-01
126,ID_1226,2007-05-01
127,ID_1227,2008-01-01
128,ID_1228,1996-04-01
129,ID_1230,2008-04-01
130,ID_1231,2008-06-01
131,ID_1232,2010-06-01
132,ID_1233,2010-02-01
133,ID_1234,2011-03-01
134,ID_1235,2010-02-01
135,ID_1237,2013-08-01
136,ID_1238,2015-02-01
137,ID_1239,2013-01-01
138,ID_124,2015-09-01
139,ID_1240,2014-03-01
140,ID_1241,2014-01-01
141,ID_1243,2012-10-01
142,ID_1244,2016-01-01
143,ID_1245,2015-12-01
144,ID_1246,2006-04-01
145,ID_1248,2006-10-01
146,ID_1249,2017-04-01
147,ID_1251,2015-09-01
148,ID_1253,2008-02-01
149,ID_1254,2010-05-01
150,ID_1255,2015-09-01
151,ID_126,2015-05-01
152,ID_1269,2017-01-01
153,ID_128,2008-07-01
154,ID_1287,2001-07-01
155,ID_129,2010-05-01
156,ID_1290,1996-12-01
157,ID_1294,1976-11-01
158,ID_1295,1998-11-01
159,ID_1296,2003-07-01
160,ID_1298,2005-03-01
161,ID_130,2015-05-01
162,ID_1300,1996-02-01
163,ID_1302,2006-05-01
164,ID_1303,1995-09-01
165,ID_1304,2008-11-29
166,ID_1305,2004-06-01
167,ID_1306,2005-08-01
168,ID_1307,2007-08-01
169,ID_1308,2009-05-01
170,ID_1310,2015-04-01
171,ID_1311,2007-12-01
172,ID_1312,2009-11-01
173,ID_1313,2010-06-01
174,ID_1314,2010-02-01
175,ID_1315,2012-02-01
176,ID_1316,2010-08-01
177,ID_1317,1998-10-01
178,ID_1318,2009-03-01
179,ID_1319,2011-02-01
180,ID_1320,2013-11-01
181,ID_1321,2014-12-01
182,ID_1322,2014-01-01
183,ID_1324,2012-09-01
184,ID_1325,2016-01-01
185,ID_1326,2014-10-01
186,ID_1327,2006-07-01
187,ID_1329,2016-11-01
188,ID_1331,2015-05-01
189,ID_1333,2008-07-01
190,ID_1334,2013-11-01
191,ID_1335,2015-05-01
192,ID_1344,2009-02-01
193,ID_1346,2015-06-01
194,ID_1349,2016-07-01
195,ID_1350,2006-09-01
196,ID_1351,2007-06-01
197,ID_1369,2009-06-29
198,ID_1373,1997-09-01
199,ID_1375,1999-07-01
200,ID_1376,2009-02-28
201,ID_1378,2007-07-01
202,ID_1379,2002-05-01
203,ID_1380,1999-05-01
204,ID_1381,2006-07-01
205,ID_1386,2001-09-01
206,ID_1387,2004-11-01
207,ID_1388,2007-03-01
208,ID_1389,2008-09-01
209,ID_1392,2008-02-01
210,ID_1393,2008-05-01
211,ID_1394,2010-06-01
212,ID_1395,2010-05-01
213,ID_1397,2011-03-01
214,ID_1398,2010-02-01
215,ID_1399,1999-07-01
216,ID_1400,2012-01-01
217,ID_1401,2015-10-01
218,ID_1402,2014-03-01
219,ID_1403,2014-05-01
220,ID_1406,2014-03-01
221,ID_1407,2016-02-01
222,ID_1408,2008-12-29
223,ID_1409,2016-01-01
224,ID_1411,2016-06-01
225,ID_1413,2015-06-01
226,ID_1415,2008-10-01
227,ID_1416,2011-01-01
228,ID_1417,2015-06-01
229,ID_142,2017-01-01
230,ID_1438,2008-07-01
231,ID_1439,2007-03-01
232,ID_144,2006-08-01
233,ID_1440,2007-07-01
234,ID_1441,2014-07-01
235,ID_1442,2014-08-01
236,ID_1443,2008-03-01
237,ID_1445,2007-06-01
238,ID_1446,2007-07-01
239,ID_1447,2006-07-01
240,ID_1453,2009-04-29
241,ID_1454,2008-11-29
242,ID_1455,2008-09-29
243,ID_1457,1997-03-01
244,ID_1458,1998-07-01
245,ID_1459,1999-09-01
246,ID_1463,1999-03-01
247,ID_1464,2002-03-01
248,ID_1465,1999-04-01
249,ID_1466,2008-09-29
250,ID_1467,2008-12-29
251,ID_1469,2006-11-01
252,ID_1470,2008-10-29
253,ID_1471,1999-07-01
254,ID_1472,2006-07-01
255,ID_1473,2008-02-01
256,ID_1474,2009-12-01
257,ID_1476,2008-06-01
258,ID_1477,2010-03-01
259,ID_1478,2011-10-01
260,ID_1479,2010-01-01
261,ID_1480,2012-12-01
262,ID_1481,2010-11-01
263,ID_1482,1999-02-01
264,ID_1483,2011-06-01
265,ID_1484,2015-07-01
266,ID_1485,2009-06-29
267,ID_1486,2008-08-29
268,ID_1487,2012-12-01
269,ID_1491,2009-03-29
270,ID_1492,2014-07-01
271,ID_1495,2007-11-01
272,ID_1496,2015-11-01
273,ID_1498,2015-10-01
274,ID_1500,2008-02-01
275,ID_1501,2011-08-01
276,ID_1502,2015-07-01
277,ID_1515,2006-11-01
278,ID_1534,2000-03-01
279,ID_1539,1999-02-01
280,ID_1543,1998-10-01
281,ID_1544,2001-10-01
282,ID_1545,1999-09-01
283,ID_1546,2005-05-01
284,ID_1549,2006-03-01
285,ID_1552,2003-05-01
286,ID_1553,2005-02-01
287,ID_1554,2007-12-01
288,ID_1555,2008-12-01
289,ID_1558,2008-05-01
290,ID_1559,2009-02-01
291,ID_1560,2010-11-01
292,ID_1561,2007-11-01
293,ID_1562,2010-05-01
294,ID_1563,2011-05-01
295,ID_1564,1999-02-01
296,ID_1565,2010-03-01
297,ID_1566,2016-05-01
298,ID_1567,2008-10-29
299,ID_1568,2014-03-01
300,ID_1569,2014-01-01
301,ID_1571,2013-01-01
302,ID_1574,2006-06-01
303,ID_1576,2015-12-01
304,ID_1578,2015-05-01
305,ID_1580,2008-09-01
306,ID_1581,2010-10-01
307,ID_1582,2015-05-01
308,ID_1597,2006-08-01
309,ID_16,1998-11-01
310,ID_1615,2008-08-29
311,ID_1616,2000-05-01
312,ID_162,2008-10-29
313,ID_1620,1996-12-01
314,ID_1621,2000-02-01
315,ID_1622,1999-04-01
316,ID_1624,1994-03-01
317,ID_1626,2001-12-01
318,ID_1627,2001-09-01
319,ID_1629,2004-07-01
320,ID_163,2009-03-29
321,ID_1634,2007-06-01
322,ID_1635,2009-09-01
323,ID_1637,2008-02-01
324,ID_1638,2009-03-01
325,ID_1639,2010-03-01
326,ID_1640,2009-12-01
327,ID_1641,2012-06-01
328,ID_1642,2010-03-01
329,ID_1644,2013-02-01
330,ID_1645,2013-08-01
331,ID_1646,2014-01-01
332,ID_1648,2016-03-01
333,ID_1653,2008-10-01
334,ID_1654,2010-10-01
335,ID_1655,2015-06-01
336,ID_166,2008-06-01
337,ID_1666,2016-01-01
338,ID_1667,2006-09-01
339,ID_1668,2006-10-01
340,ID_1669,2014-06-01
341,ID_167,1998-01-01
342,ID_1670,2005-12-01
343,ID_168,2008-12-01
344,ID_17,2004-11-01
345,ID_170,1993-07-01
346,ID_1716,2016-07-01
347,ID_1717,2016-07-01
348,ID_1718,2016-07-01
349,ID_1720,2016-11-01
350,ID_1721,2015-12-01
351,ID_1722,2014-12-01
352,ID_1723,2015-07-01
353,ID_1724,2016-05-01
354,ID_1725,2017-02-01
355,ID_173,1999-04-01
356,ID_1736,1975-04-01
357,ID_1737,1999-02-01
358,ID_1738,2001-08-01
359,ID_1739,1998-12-01
360,ID_174,2001-03-01
361,ID_1740,2005-06-01
362,ID_1743,2007-02-01
363,ID_1747,2000-06-01
364,ID_1748,2005-09-01
365,ID_1749,2008-03-01
366,ID_175,2000-07-01
367,ID_1750,1995-08-01
368,ID_1752,2008-08-01
369,ID_1753,2008-10-01
370,ID_1754,2010-08-01
371,ID_1755,2007-03-01
372,ID_1756,2010-10-01
373,ID_1757,2011-02-01
374,ID_1759,2009-08-01
375,ID_176,2003-04-01
376,ID_1760,2011-05-01
377,ID_1761,2015-12-01
378,ID_1762,2013-04-01
379,ID_1763,2014-07-01
380,ID_1764,2014-01-01
381,ID_1766,2016-08-01
382,ID_1768,2016-11-01
383,ID_1769,2016-04-01
384,ID_1771,2006-11-01
385,ID_1774,2007-03-01
386,ID_1777,2009-10-01
387,ID_1778,2010-10-01
388,ID_1779,2015-08-01
389,ID_1782,1993-01-01
390,ID_1783,2010-07-01
391,ID_1784,1986-02-01
392,ID_1785,2003-01-01
393,ID_1786,2010-08-01
394,ID_1789,2009-05-01
395,ID_1790,2007-01-01
396,ID_1791,2016-05-01
397,ID_1792,2002-03-01
398,ID_1794,2017-04-01
399,ID_1795,2017-04-01
400,ID_1799,2011-02-01
401,ID_18,2008-12-01
402,ID_180,2000-04-01
403,ID_1800,2013-04-01
404,ID_1801,2014-06-01
405,ID_1802,2007-07-01
406,ID_1803,2015-04-01
407,ID_181,2005-06-01
408,ID_182,2008-12-01
409,ID_1823,2001-03-01
410,ID_1824,2007-07-01
411,ID_1825,2006-01-01
412,ID_1826,2009-07-01
413,ID_1827,2009-07-01
414,ID_183,2010-09-01
415,ID_1830,2001-12-01
416,ID_1831,2002-03-01
417,ID_1832,2004-09-01
418,ID_1837,2007-07-01
419,ID_1838,2010-05-01
420,ID_1839,2009-12-01
421,ID_184,1996-02-01
422,ID_1840,2014-12-01
423,ID_1841,2009-02-01
424,ID_1842,2015-09-01
425,ID_1843,2011-05-01
426,ID_1844,2010-06-01
427,ID_1846,2011-07-01
428,ID_1847,2011-11-01
429,ID_1848,2012-01-01
430,ID_1849,2013-09-01
431,ID_1850,2014-08-01
432,ID_1853,2016-02-01
433,ID_1855,2016-05-01
434,ID_1857,2016-05-01
435,ID_1859,2009-02-01
436,ID_186,2008-07-01
437,ID_1860,2012-08-01
438,ID_1862,2016-01-01
439,ID_187,2010-12-01
440,ID_1874,2011-03-01
441,ID_1875,2011-06-01
442,ID_1876,2014-10-01
443,ID_1877,2008-03-01
444,ID_1878,2008-10-01
445,ID_1879,2009-07-01
446,ID_188,2011-03-01
447,ID_189,2009-08-01
448,ID_1898,1998-05-01
449,ID_1899,1998-03-01
450,ID_19,2006-12-01
451,ID_190,2011-03-01
452,ID_1900,2000-05-01
453,ID_1903,2000-07-01
454,ID_1904,2002-11-01
455,ID_1905,1998-10-01
456,ID_1906,2004-12-01
457,ID_191,2010-09-01
458,ID_1910,2003-04-01
459,ID_1911,2008-02-01
460,ID_1912,2008-06-01
461,ID_1913,2009-03-01
462,ID_1914,1997-11-01
463,ID_1916,2009-01-01
464,ID_1917,2009-07-01
465,ID_1918,2012-02-01
466,ID_1919,2009-10-01
467,ID_192,2008-07-01
468,ID_1920,2013-01-01
469,ID_1921,2010-10-01
470,ID_1922,1998-08-01
471,ID_1923,2014-03-01
472,ID_1924,2015-03-01
473,ID_1925,2013-06-01
474,ID_1927,2015-11-01
475,ID_1928,2016-03-01
476,ID_193,2015-04-01
477,ID_1930,2007-06-01
478,ID_1931,2011-01-01
479,ID_1932,2015-12-01
480,ID_194,2013-09-01
481,ID_1946,2016-03-01
482,ID_1947,2007-06-01
483,ID_1949,2007-02-01
484,ID_195,2014-09-01
485,ID_1950,2006-09-01
486,ID_196,2013-09-01
487,ID_1964,1996-09-01
488,ID_1966,1976-12-01
489,ID_1968,2002-02-01
490,ID_1970,2004-05-01
491,ID_1975,2004-03-01
492,ID_1976,2007-01-01
493,ID_1977,2007-09-01
494,ID_1979,2008-02-01
495,ID_1980,2007-12-01
496,ID_1981,2009-11-01
497,ID_1982,2007-02-01
498,ID_1983,2009-09-01
499,ID_1984,2011-02-01
500,ID_1985,2009-11-01
501,ID_1987,2010-02-01
502,ID_1988,2012-04-01
503,ID_1989,2011-07-01
504,ID_199,2016-02-01
505,ID_1990,2014-02-01
506,ID_1993,2015-10-01
507,ID_1994,2015-07-01
508,ID_1996,2006-10-01
509,ID_1999,2008-03-01
510,ID_200,2008-09-29
511,ID_2000,2010-01-01
512,ID_2001,2015-06-01
513,ID_2014,2008-12-29
514,ID_2015,1996-07-01
515,ID_2016,2006-04-01
516,ID_2018,2013-12-01
517,ID_2019,2005-11-01
518,ID_202,2015-07-01
519,ID_2037,2006-06-01
520,ID_204,2015-07-01
521,ID_2041,1997-12-01
522,ID_2042,1998-01-01
523,ID_2043,1998-11-01
524,ID_2046,1994-02-01
525,ID_2048,2001-11-01
526,ID_2049,1999-11-01
527,ID_2050,2004-10-01
528,ID_2054,2004-05-01
529,ID_2057,2004-04-01
530,ID_2058,2007-08-01
531,ID_2059,2007-10-01
532,ID_206,2007-07-01
533,ID_2060,1997-02-01
534,ID_2062,2007-12-01
535,ID_2063,2008-06-01
536,ID_2064,2009-12-01
537,ID_2065,2006-10-01
538,ID_2066,2009-05-01
539,ID_2067,2010-12-01
540,ID_2068,2010-02-01
541,ID_2069,1999-12-01
542,ID_207,2010-12-01
543,ID_2070,2009-11-01
544,ID_2071,2014-12-01
545,ID_2072,2012-10-01
546,ID_2073,2014-01-01
547,ID_2074,2014-01-01
548,ID_2076,2012-02-01
549,ID_2077,2016-01-01
550,ID_2078,2015-08-01
551,ID_2079,2015-07-01
552,ID_208,2015-07-01
553,ID_2080,2004-10-01
554,ID_2083,2015-11-01
555,ID_2085,2015-09-01
556,ID_2087,2008-12-01
557,ID_2088,2010-10-01
558,ID_2089,2015-09-01
559,ID_21,2012-01-01
560,ID_2104,2017-01-01
561,ID_2105,2007-02-01
562,ID_2122,2006-04-01
563,ID_2128,1999-02-01
564,ID_2129,2001-11-01
565,ID_213,2013-01-01
566,ID_2130,1997-11-01
567,ID_2131,2009-03-29
568,ID_2132,2009-03-01
569,ID_2133,2008-09-29
570,ID_2134,1999-11-01
571,ID_2135,2014-06-01
572,ID_2136,2010-03-01
573,ID_2138,2014-11-01
574,ID_2139,2006-04-01
575,ID_214,2002-08-01
576,ID_2140,2009-03-01
577,ID_2141,2014-11-01
578,ID_2143,2014-11-01
579,ID_2144,2015-11-01
580,ID_2145,2014-09-01
581,ID_2148,2016-01-01
582,ID_215,2017-04-01
583,ID_2150,2015-07-01
584,ID_2152,2007-12-01
585,ID_2153,2012-02-01
586,ID_2154,2015-07-01
587,ID_216,2017-04-01
588,ID_2162,2006-06-01
589,ID_217,2017-04-01
590,ID_2178,1998-12-01
591,ID_218,2001-01-01
592,ID_2180,1997-01-01
593,ID_2181,1998-02-01
594,ID_2182,1999-12-01
595,ID_2183,2008-12-29
596,ID_2185,1989-06-01
597,ID_2186,2000-02-01
598,ID_2187,2002-08-01
599,ID_2188,2005-05-01
600,ID_219,2010-07-01
601,ID_2190,2007-10-01
602,ID_2191,2008-10-29
603,ID_2192,2010-09-01
604,ID_2193,2006-12-01
605,ID_2194,2007-11-01
606,ID_2195,2008-07-01
607,ID_2196,2008-04-01
608,ID_2197,2010-03-01
609,ID_2198,2007-07-01
610,ID_2199,2010-06-01
611,ID_22,2008-06-01
612,ID_220,2006-10-01
613,ID_2200,2011-02-01
614,ID_2201,1999-05-01
615,ID_2202,2014-11-01
616,ID_2203,2013-10-01
617,ID_2205,2016-04-01
618,ID_2206,2008-03-01
619,ID_2207,2011-08-01
620,ID_2208,2016-07-01
621,ID_222,2002-03-01
622,ID_2221,2016-04-01
623,ID_2223,2008-06-01
624,ID_2224,2015-01-01
625,ID_2225,2009-07-01
626,ID_2226,2006-10-01
627,ID_223,2017-04-01
628,ID_2245,2008-06-01
629,ID_2248,1998-05-01
630,ID_2249,1999-07-01
631,ID_225,2017-04-01
632,ID_2250,2003-11-01
633,ID_2255,2001-04-01
634,ID_2256,2002-10-01
635,ID_2257,2000-04-01
636,ID_2258,2005-07-01
637,ID_2259,2002-07-01
638,ID_2262,2008-12-01
639,ID_2264,2002-09-01
640,ID_2265,2007-11-01
641,ID_2266,2008-06-01
642,ID_2267,2010-06-01
643,ID_2268,2009-02-01
644,ID_2269,2010-07-01
645,ID_227,2007-03-01
646,ID_2270,2012-07-01
647,ID_2271,2008-03-01
648,ID_2272,2011-09-01
649,ID_2273,2011-06-01
650,ID_2274,2001-01-01
651,ID_2276,2017-04-01
652,ID_2277,2014-08-01
653,ID_228,2007-10-01
654,ID_2284,2006-12-01
655,ID_2287,2017-03-01
656,ID_2288,2009-02-01
657,ID_229,2003-11-01
658,ID_2292,2003-04-01
659,ID_2293,2017-01-01
660,ID_23,2011-02-01
661,ID_2304,2009-04-29
662,ID_2305,1998-03-01
663,ID_2308,2000-05-01
664,ID_2309,2009-03-29
665,ID_2311,1996-02-01
666,ID_2312,2002-01-01
667,ID_2313,2002-04-01
668,ID_2315,2004-07-01
669,ID_2321,2002-05-01
670,ID_2322,2006-04-01
671,ID_2323,2007-08-01
672,ID_2324,2008-09-01
673,ID_2326,2008-05-01
674,ID_2327,2009-11-01
675,ID_2329,2006-09-01
676,ID_2330,2009-10-01
677,ID_2331,2011-02-01
678,ID_2332,2009-09-01
679,ID_2335,2013-07-01
680,ID_2336,2013-11-01
681,ID_2337,2014-05-01
682,ID_2339,2011-10-01
683,ID_2341,2016-06-01
684,ID_2344,2016-10-01
685,ID_2346,2015-07-01
686,ID_2348,2007-10-01
687,ID_2349,2010-11-01
688,ID_2350,2014-05-01
689,ID_2360,2006-02-01
690,ID_2362,2003-01-01
691,ID_2384,2000-02-01
692,ID_2386,2000-11-01
693,ID_2387,2001-11-01
694,ID_2389,2004-11-01
695,ID_2391,2005-11-01
696,ID_2393,1999-07-01
697,ID_2394,2000-12-01
698,ID_2395,2005-02-01
699,ID_2396,2008-07-01
700,ID_2397,2008-07-01
701,ID_2399,2008-05-01
702,ID_24,2007-06-01
703,ID_2400,2008-04-01
704,ID_2401,2010-03-01
705,ID_2402,2007-02-01
706,ID_2403,2010-02-01
707,ID_2404,2011-02-01
708,ID_2405,2011-03-01
709,ID_2406,2014-01-01
710,ID_2407,2015-06-01
711,ID_2408,2013-06-01
712,ID_2409,2014-02-01
713,ID_2410,2012-11-01
714,ID_2412,2012-03-01
715,ID_2414,2016-03-01
716,ID_2415,2015-02-01
717,ID_2416,2006-01-01
718,ID_2418,2007-03-01
719,ID_2421,2008-08-01
720,ID_2422,2011-06-01
721,ID_2423,2015-06-01
722,ID_2435,2008-06-01
723,ID_2436,2007-11-01
724,ID_2438,2010-07-01
725,ID_2439,2013-08-01
726,ID_2440,2014-03-01
727,ID_2441,2008-09-01
728,ID_2442,1998-03-01
729,ID_2444,1998-11-01
730,ID_2445,2008-05-01
731,ID_2448,2013-08-01
732,ID_2467,2008-10-29
733,ID_2468,2004-08-01
734,ID_2469,1999-07-01
735,ID_2470,2009-03-29
736,ID_2471,2006-01-01
737,ID_2472,2006-06-01
738,ID_2473,2009-02-28
739,ID_2474,2012-06-01
740,ID_2475,2009-04-29
741,ID_2476,2007-02-01
742,ID_2477,2007-07-01
743,ID_2478,2013-03-01
744,ID_2479,1997-11-01
745,ID_2480,2012-12-01
746,ID_2481,2013-10-01
747,ID_2482,2013-05-01
748,ID_2483,2011-11-01
749,ID_2484,2014-01-01
750,ID_2485,2013-12-01
751,ID_2486,1999-04-01
752,ID_2488,2015-02-01
753,ID_2489,2015-11-01
754,ID_2490,2014-07-01
755,ID_2492,2015-01-01
756,ID_2494,2016-05-01
757,ID_2496,2017-03-01
758,ID_2498,2015-08-01
759,ID_25,2012-01-01
760,ID_2500,2009-02-01
761,ID_2501,2011-06-01
762,ID_2502,2015-08-01
763,ID_251,2004-01-01
764,ID_253,2008-12-29
765,ID_2532,1964-04-01
766,ID_2533,1999-09-01
767,ID_2537,1998-07-01
768,ID_2538,1965-06-01
769,ID_254,2001-12-01
770,ID_2542,2001-10-01
771,ID_2543,1998-05-01
772,ID_2544,2004-06-01
773,ID_2545,1985-06-01
774,ID_2547,2005-08-01
775,ID_2548,1985-04-01
776,ID_2549,1999-08-01
777,ID_255,2005-08-01
778,ID_2550,2003-06-01
779,ID_2551,2007-06-01
780,ID_2552,2007-09-01
781,ID_2554,2007-12-01
782,ID_2555,2007-12-01
783,ID_2556,2009-10-01
784,ID_2557,2009-05-01
785,ID_2558,2011-01-01
786,ID_2559,1998-04-01
787,ID_256,2009-02-28
788,ID_2560,2008-06-01
789,ID_2561,2009-11-01
790,ID_2562,2015-02-01
791,ID_2563,2012-05-01
792,ID_2564,2013-10-01
793,ID_2565,2014-01-01
794,ID_2567,2011-10-01
795,ID_2568,2016-01-01
796,ID_2569,2016-01-01
797,ID_257,1995-02-01
798,ID_2570,2015-06-01
799,ID_2571,2005-10-01
800,ID_2574,2015-12-01
801,ID_2576,2015-09-01
802,ID_2578,2008-06-01
803,ID_2579,2010-09-01
804,ID_2580,2015-10-01
805,ID_259,2001-03-01
806,ID_2595,2017-01-01
807,ID_2596,2006-03-01
808,ID_260,2001-12-01
809,ID_2613,1997-02-01
810,ID_2616,1998-09-01
811,ID_2617,1998-06-01
812,ID_2618,1998-10-01
813,ID_262,2004-12-01
814,ID_2622,1998-11-01
815,ID_2623,2001-08-01
816,ID_2624,1998-10-01
817,ID_2625,2003-10-01
818,ID_263,2003-03-01
819,ID_2630,2006-10-01
820,ID_2631,2008-07-01
821,ID_2632,2008-01-01
822,ID_2635,2009-02-01
823,ID_2636,2009-12-01
824,ID_2637,2009-08-01
825,ID_2638,2012-12-01
826,ID_2639,2011-02-01
827,ID_2640,1998-08-01
828,ID_2641,2013-07-01
829,ID_2642,2014-04-01
830,ID_2643,2012-06-01
831,ID_2645,2015-11-01
832,ID_2646,2014-11-01
833,ID_2648,2017-04-01
834,ID_265,2000-12-01
835,ID_2650,2016-11-01
836,ID_2652,2007-11-01
837,ID_2653,2012-02-01
838,ID_2654,2015-10-01
839,ID_2671,2015-04-01
840,ID_2672,2007-11-01
841,ID_2673,2008-06-01
842,ID_2674,2006-04-01
843,ID_268,2012-09-01
844,ID_269,2010-01-01
845,ID_2696,1991-05-01
846,ID_2697,2000-08-01
847,ID_2698,2002-06-01
848,ID_2699,2005-10-01
849,ID_27,2011-09-01
850,ID_270,2000-01-01
851,ID_2702,2005-11-01
852,ID_2704,2002-11-01
853,ID_2705,2002-10-01
854,ID_2706,2005-12-01
855,ID_2707,2009-02-01
856,ID_2710,2008-08-01
857,ID_2711,2009-01-01
858,ID_2712,2011-01-01
859,ID_2713,2009-06-01
860,ID_2714,2011-06-01
861,ID_2715,2000-01-01
862,ID_2717,2015-06-01
863,ID_2718,2013-09-01
864,ID_2719,2014-05-01
865,ID_272,2011-10-01
866,ID_2720,2014-01-01
867,ID_2722,2013-04-01
868,ID_2723,2015-11-01
869,ID_2724,2016-07-01
870,ID_2725,2016-02-01
871,ID_2726,2006-02-01
872,ID_2728,2006-12-01
873,ID_273,2011-12-01
874,ID_2730,2016-01-01
875,ID_2732,2015-08-01
876,ID_2734,2008-07-01
877,ID_2735,2010-07-01
878,ID_2736,2015-05-01
879,ID_2739,2005-08-01
880,ID_274,2002-01-01
881,ID_2740,2010-05-01
882,ID_2742,2006-12-01
883,ID_2743,2013-04-01
884,ID_2744,2002-05-01
885,ID_2745,2012-12-01
886,ID_2746,2006-08-01
887,ID_2747,2015-10-01
888,ID_2748,2003-06-01
889,ID_275,2014-03-01
890,ID_276,2015-05-01
891,ID_2768,2002-06-01
892,ID_277,2017-04-01
893,ID_2770,1998-04-01
894,ID_2771,1998-07-01
895,ID_2772,1999-09-01
896,ID_2773,2008-12-29
897,ID_2776,1998-10-01
898,ID_2777,2001-07-01
899,ID_2778,1998-08-01
900,ID_2779,2004-01-01
901,ID_278,2016-09-01
902,ID_2782,2007-01-01
903,ID_2784,2002-01-01
904,ID_2785,2004-12-01
905,ID_2786,2008-02-01
906,ID_2787,2009-11-01
907,ID_2788,2006-07-01
908,ID_2789,1996-03-01
909,ID_279,2016-08-01
910,ID_2791,2009-05-01
911,ID_2792,2009-07-01
912,ID_2793,2011-08-01
913,ID_2794,2007-10-01
914,ID_2795,2011-02-01
915,ID_2796,2012-12-01
916,ID_2797,2011-10-01
917,ID_2798,2008-08-01
918,ID_280,2016-08-01
919,ID_2800,2015-08-01
920,ID_2801,2012-06-01
921,ID_2804,2016-06-01
922,ID_2805,2016-11-01
923,ID_2806,2006-10-01
924,ID_2811,2008-08-01
925,ID_2812,2012-09-01
926,ID_2813,2015-07-01
927,ID_282,2016-02-01
928,ID_2825,2008-02-01
929,ID_2826,2009-06-01
930,ID_284,2012-01-01
931,ID_2845,1997-12-01
932,ID_2846,2009-02-28
933,ID_2848,1998-11-01
934,ID_2849,1999-05-01
935,ID_2850,2000-06-01
936,ID_2854,2000-09-01
937,ID_2855,2002-01-01
938,ID_2856,1999-07-01
939,ID_2857,2004-06-01
940,ID_2858,2001-10-01
941,ID_2863,2006-03-01
942,ID_2864,2008-05-01
943,ID_2865,2010-09-01
944,ID_2867,2010-02-01
945,ID_2868,2011-12-01
946,ID_2869,2015-05-01
947,ID_287,2002-04-01
948,ID_2870,2011-10-01
949,ID_2872,2013-03-01
950,ID_2873,1999-02-01
951,ID_2874,2013-03-01
952,ID_2875,2016-02-01
953,ID_2876,2015-10-01
954,ID_2878,2015-11-01
955,ID_2879,2014-12-01
956,ID_2881,2016-06-01
957,ID_2883,2016-02-01
958,ID_2885,2008-12-01
959,ID_2886,2011-01-01
960,ID_2887,2016-02-01
961,ID_2893,2017-01-01
962,ID_290,1998-11-01
963,ID_2901,2016-08-01
964,ID_2902,2007-05-01
965,ID_2903,2007-12-01
966,ID_2904,2006-10-01
967,ID_291,1999-06-01
968,ID_2918,2008-09-29
969,ID_2919,2003-11-01
970,ID_292,1999-04-01
971,ID_2920,2012-01-01
972,ID_2922,1998-06-01
973,ID_2923,1999-12-01
974,ID_2924,2001-06-01
975,ID_2928,2000-03-01
976,ID_2929,2002-05-01
977,ID_2930,2000-11-01
978,ID_2931,2004-04-01
979,ID_2935,2000-01-01
980,ID_2936,2008-10-01
981,ID_2937,2008-12-01
982,ID_2938,2011-02-01
983,ID_2939,1996-05-01
984,ID_294,1992-04-01
985,ID_2941,2009-04-01
986,ID_2942,2012-02-01
987,ID_2943,2012-01-01
988,ID_2944,2011-01-01
989,ID_2945,2012-09-01
990,ID_2946,2011-12-01
991,ID_2947,2000-10-01
992,ID_2948,2015-07-01
993,ID_2949,2014-03-01
994,ID_2950,2014-07-01
995,ID_2951,2014-11-01
996,ID_2954,2016-02-01
997,ID_2955,2014-10-01
998,ID_2959,2007-03-01
999,ID_296,2000-10-01
1000,ID_2960,2011-07-01
1001,ID_2961,2016-04-01
1002,ID_297,2002-08-01
1003,ID_2978,2015-10-01
1004,ID_2979,2007-04-01
1005,ID_298,1999-01-01
1006,ID_2980,2009-09-01
1007,ID_2981,2007-10-01
1008,ID_299,2005-10-01
1009,ID_2999,2008-09-29
1010,ID_3,2004-08-01
1011,ID_3000,2000-04-01
1012,ID_3005,2004-04-01
1013,ID_3009,1998-10-01
1014,ID_3010,2001-09-01
1015,ID_3011,2004-05-01
1016,ID_3014,2005-12-01
1017,ID_3017,2014-12-01
1018,ID_3018,2007-06-01
1019,ID_3019,2007-11-01
1020,ID_302,2005-10-01
1021,ID_3022,2008-03-01
1022,ID_3023,2008-05-01
1023,ID_3024,2010-06-01
1024,ID_3025,2010-01-01
1025,ID_3026,2011-01-01
1026,ID_3027,1998-01-01
1027,ID_3028,2009-04-01
1028,ID_3029,2009-09-01
1029,ID_3030,2015-01-01
1030,ID_3031,2012-11-01
1031,ID_3032,2013-12-01
1032,ID_3033,2014-01-01
1033,ID_3036,2016-07-01
1034,ID_3037,2015-11-01
1035,ID_3038,2015-09-01
1036,ID_3039,2005-12-01
1037,ID_3043,2008-08-01
1038,ID_3044,2010-08-01
1039,ID_3045,2015-06-01
1040,ID_305,2001-12-01
1041,ID_306,2005-07-01
1042,ID_3060,2017-01-01
1043,ID_3062,2007-02-01
1044,ID_3063,2006-11-01
1045,ID_3064,2013-11-01
1046,ID_307,2007-07-01
1047,ID_308,2009-03-01
1048,ID_3085,2000-06-01
1049,ID_3087,1997-02-01
1050,ID_3088,1998-02-01
1051,ID_3090,1998-08-01
1052,ID_3092,1998-10-01
1053,ID_3093,2001-09-01
1054,ID_3094,2004-03-01
1055,ID_3098,1999-04-01
1056,ID_3099,2009-12-01
1057,ID_31,2014-01-01
1058,ID_3100,2007-03-01
1059,ID_3101,2006-05-01
1060,ID_3102,1994-03-01
1061,ID_3104,2007-09-01
1062,ID_3105,2002-06-01
1063,ID_3106,2012-01-01
1064,ID_3107,2010-08-01
1065,ID_3108,2009-08-01
1066,ID_3109,2000-05-01
1067,ID_311,2008-10-01
1068,ID_3110,2009-07-01
1069,ID_3111,2009-05-01
1070,ID_3112,2015-01-01
1071,ID_3113,2016-01-01
1072,ID_3114,2015-03-01
1073,ID_3115,2014-05-01
1074,ID_3117,2017-03-01
1075,ID_3118,2015-02-01
1076,ID_3119,2015-06-01
1077,ID_312,2009-05-01
1078,ID_3120,2015-06-01
1079,ID_3121,2007-05-01
1080,ID_3122,2010-03-01
1081,ID_3123,2015-06-01
1082,ID_3126,2003-09-01
1083,ID_3128,2012-05-01
1084,ID_3129,2017-01-01
1085,ID_313,2011-06-01
1086,ID_3130,2013-03-01
1087,ID_3131,2005-10-01
1088,ID_3132,2008-12-01
1089,ID_3136,2001-02-01
1090,ID_3139,2017-01-01
1091,ID_314,2010-01-01
1092,ID_3140,2003-07-01
1093,ID_3141,2017-01-01
1094,ID_315,2011-10-01
1095,ID_316,2010-05-01
1096,ID_3161,2009-02-28
1097,ID_3163,2008-10-29
1098,ID_3164,2009-05-29
1099,ID_3166,1997-09-01
1100,ID_3167,1997-12-01
1101,ID_3168,1998-08-01
1102,ID_3169,2009-06-29
1103,ID_317,1999-04-01
1104,ID_3170,1993-01-01
1105,ID_3172,1993-05-01
1106,ID_3173,2000-03-01
1107,ID_3174,2002-03-01
1108,ID_3175,2005-12-01
1109,ID_3176,2003-01-01
1110,ID_318,2012-06-01
1111,ID_3181,2005-05-01
1112,ID_3182,2008-10-01
1113,ID_3183,2010-12-01
1114,ID_3184,2006-12-01
1115,ID_3187,2008-07-01
1116,ID_3188,2012-10-01
1117,ID_3189,2012-11-01
1118,ID_319,2015-08-01
1119,ID_3190,2009-02-01
1120,ID_3191,2012-04-01
1121,ID_3192,2012-10-01
1122,ID_3193,2017-03-01
1123,ID_3194,2016-02-01
1124,ID_3196,2014-08-01
1125,ID_32,2014-08-01
1126,ID_320,2013-11-01
1127,ID_3201,2010-07-01
1128,ID_3202,2015-10-01
1129,ID_3204,2008-10-29
1130,ID_3207,2017-01-01
1131,ID_321,2014-09-01
1132,ID_3211,2003-08-01
1133,ID_3212,2013-01-01
1134,ID_3214,2003-07-01
1135,ID_3215,2017-02-01
1136,ID_3218,2014-06-01
1137,ID_322,2014-01-01
1138,ID_3221,2008-12-29
1139,ID_324,2016-03-01
1140,ID_325,2016-06-01
1141,ID_326,2016-09-01
1142,ID_327,2006-07-01
1143,ID_329,2007-10-01
1144,ID_33,2013-08-01
1145,ID_330,2017-01-01
1146,ID_332,2015-05-01
1147,ID_334,2009-03-01
1148,ID_335,2011-03-01
1149,ID_336,2015-05-01
1150,ID_35,2016-05-01
1151,ID_355,2007-10-01
1152,ID_36,2015-06-01
1153,ID_378,1997-05-01
1154,ID_379,1998-04-01
1155,ID_38,2017-03-01
1156,ID_380,1998-09-01
1157,ID_384,1998-06-01
1158,ID_385,2001-09-01
1159,ID_387,2000-07-01
1160,ID_388,2004-03-01
1161,ID_389,2001-02-01
1162,ID_39,2016-07-01
1163,ID_390,1998-06-01
1164,ID_392,1998-10-01
1165,ID_393,1999-06-01
1166,ID_394,2001-08-01
1167,ID_395,2007-02-01
1168,ID_396,2004-02-01
1169,ID_397,2006-07-01
1170,ID_399,2009-01-01
1171,ID_400,2011-06-01
1172,ID_401,2010-01-01
1173,ID_402,2011-06-01
1174,ID_403,2008-07-01
1175,ID_405,2010-08-01
1176,ID_406,2015-05-01
1177,ID_407,2016-07-01
1178,ID_408,2016-02-01
1179,ID_41,2015-10-01
1180,ID_414,2008-01-01
1181,ID_415,2011-02-01
1182,ID_416,2016-04-01
1183,ID_43,2007-06-01
1184,ID_431,2009-05-29
1185,ID_432,2007-10-01
1186,ID_433,2008-06-01
1187,ID_434,2016-07-01
1188,ID_435,2005-10-01
1189,ID_44,2012-11-01
1190,ID_45,2015-10-01
1191,ID_454,2002-06-01
1192,ID_457,1997-09-01
1193,ID_458,1998-01-01
1194,ID_459,2000-07-01
1195,ID_462,2000-10-01
1196,ID_463,2001-10-01
1197,ID_465,2004-11-01
1198,ID_466,2001-03-01
1199,ID_469,2005-02-01
1200,ID_472,1998-12-01
1201,ID_473,2006-06-01
1202,ID_475,2008-11-01
1203,ID_476,2012-03-01
1204,ID_477,2010-04-01
1205,ID_478,2011-08-01
1206,ID_481,2010-08-01
1207,ID_482,2015-04-01
1208,ID_483,2012-10-01
1209,ID_484,2014-02-01
1210,ID_485,2012-07-01
1211,ID_487,2016-04-01
1212,ID_488,2015-11-01
1213,ID_489,2015-04-01
1214,ID_490,2005-07-01
1215,ID_492,2016-03-01
1216,ID_495,2009-09-01
1217,ID_496,2010-08-01
1218,ID_497,2015-09-01
1219,ID_5,1998-09-01
1220,ID_520,2007-05-01
1221,ID_521,2013-10-01
1222,ID_546,1991-11-01
1223,ID_548,1998-02-01
1224,ID_549,2001-02-01
1225,ID_550,1997-09-01
1226,ID_551,2002-11-01
1227,ID_552,2001-04-01
1228,ID_555,2006-11-01
1229,ID_558,2000-11-01
1230,ID_559,2005-10-01
1231,ID_560,2007-06-01
1232,ID_562,2007-12-01
1233,ID_563,2010-07-01
1234,ID_564,2010-08-01
1235,ID_565,2010-03-01
1236,ID_566,2010-10-01
1237,ID_567,2009-06-01
1238,ID_568,1997-11-01
1239,ID_569,2009-04-01
1240,ID_570,2014-12-01
1241,ID_571,2013-09-01
1242,ID_572,2014-04-01
1243,ID_573,2014-01-01
1244,ID_575,2011-12-01
1245,ID_576,2016-11-01
1246,ID_577,2015-06-01
1247,ID_578,2015-01-01
1248,ID_579,2006-07-01
1249,ID_584,2007-04-01
1250,ID_585,2010-12-01
1251,ID_586,2015-07-01
1252,ID_590,2008-03-01
1253,ID_592,2011-02-01
1254,ID_593,2004-05-01
1255,ID_594,2017-04-01
1256,ID_595,2009-01-01
1257,ID_598,2009-09-01
1258,ID_599,2015-02-01
1259,ID_60,2008-04-01
1260,ID_601,2017-04-01
1261,ID_605,1996-12-01
1262,ID_606,2002-07-01
1263,ID_607,2005-09-01
1264,ID_608,2008-10-01
1265,ID_609,2007-01-01
1266,ID_61,2008-07-01
1267,ID_610,2013-11-01
1268,ID_62,2015-10-01
1269,ID_628,1997-01-01
1270,ID_629,2009-05-29
1271,ID_63,1996-11-01
1272,ID_630,2000-03-01
1273,ID_631,2009-05-29
1274,ID_633,2000-08-01
1275,ID_634,2005-02-01
1276,ID_636,2004-07-01
1277,ID_637,2001-05-01
1278,ID_64,2005-11-01
1279,ID_641,2000-09-01
1280,ID_642,2006-04-01
1281,ID_643,2007-06-01
1282,ID_644,2011-10-01
1283,ID_645,2012-01-01
1284,ID_646,2011-02-01
1285,ID_647,2011-11-01
1286,ID_649,2014-06-01
1287,ID_65,2006-09-01
1288,ID_650,2014-01-01
1289,ID_651,2013-06-01
1290,ID_654,2016-06-01
1291,ID_655,2015-06-01
1292,ID_659,2008-09-01
1293,ID_660,2011-04-01
1294,ID_661,2016-06-01
1295,ID_675,2015-06-01
1296,ID_676,1998-02-01
1297,ID_677,2007-07-01
1298,ID_678,2009-01-01
1299,ID_679,2015-09-01
1300,ID_680,2012-01-01
1301,ID_698,2008-12-29
1302,ID_699,1994-06-01
1303,ID_700,2003-08-01
1304,ID_701,1999-07-01
1305,ID_702,2002-02-01
1306,ID_703,2005-04-01
1307,ID_704,2009-05-29
1308,ID_705,2008-12-29
1309,ID_706,2009-06-29
1310,ID_708,2004-03-01
1311,ID_709,2002-06-01
1312,ID_710,2001-02-01
1313,ID_711,2003-11-01
1314,ID_712,2009-02-01
1315,ID_713,1994-08-01
1316,ID_715,1995-05-01
1317,ID_716,2003-12-01
1318,ID_717,2010-01-01
1319,ID_718,2011-05-01
1320,ID_719,2011-02-01
1321,ID_722,2010-10-01
1322,ID_723,2016-02-01
1323,ID_724,2012-12-01
1324,ID_725,2011-10-01
1325,ID_726,2009-08-01
1326,ID_733,2011-10-01
1327,ID_749,1999-08-01
1328,ID_756,2003-06-01
1329,ID_757,2000-12-01
1330,ID_762,2005-03-01
1331,ID_763,2009-08-01
1332,ID_764,2009-03-01
1333,ID_765,2009-07-01
1334,ID_766,2011-02-01
1335,ID_767,2008-03-01
1336,ID_768,2011-02-01
1337,ID_771,2015-02-01
1338,ID_772,2013-10-01
1339,ID_773,2014-05-01
1340,ID_774,2013-06-01
1341,ID_776,2017-03-01
1342,ID_777,2007-12-01
1343,ID_778,2009-11-01
1344,ID_779,2011-11-01
1345,ID_780,2016-02-01
1346,ID_789,2015-10-01
1347,ID_790,1997-04-01
1348,ID_791,2007-08-01
1349,ID_792,2006-03-01
1350,ID_798,2008-10-29
1351,ID_8,1999-04-01
1352,ID_802,1999-08-01
1353,ID_803,2002-05-01
1354,ID_804,1999-05-01
1355,ID_805,2006-04-01
1356,ID_808,2006-12-01
1357,ID_811,2000-12-01
1358,ID_812,2007-06-01
1359,ID_813,2009-03-01
1360,ID_814,2001-12-01
1361,ID_816,2008-01-01
1362,ID_817,2008-11-01
1363,ID_818,2010-10-01
1364,ID_819,2007-06-01
1365,ID_820,2009-09-01
1366,ID_821,2012-07-01
1367,ID_822,1999-08-01
1368,ID_823,2010-08-01
1369,ID_824,2015-05-01
1370,ID_825,2013-06-01
1371,ID_826,2014-01-01
1372,ID_827,2014-01-01
1373,ID_829,2011-10-01
1374,ID_83,2009-02-28
1375,ID_830,2017-03-01
1376,ID_831,2016-05-01
1377,ID_832,2016-04-01
1378,ID_833,2007-01-01
1379,ID_835,2007-01-01
1380,ID_837,2015-05-01
1381,ID_839,2009-03-01
1382,ID_84,1993-04-01
1383,ID_840,2011-04-01
1384,ID_841,2015-05-01
1385,ID_855,2017-03-01
1386,ID_856,2007-08-01
1387,ID_86,1997-03-01
1388,ID_87,1999-05-01
1389,ID_877,2000-07-01
1390,ID_879,1996-08-01
1391,ID_880,1997-02-01
1392,ID_881,1997-06-01
1393,ID_883,1992-07-01
1394,ID_886,2001-09-01
1395,ID_887,1998-05-01
1396,ID_889,2004-07-01
1397,ID_890,1983-03-01
1398,ID_891,1990-12-01
1399,ID_892,2005-11-01
1400,ID_893,1983-07-01
1401,ID_894,1997-09-01
1402,ID_895,1996-11-01
1403,ID_896,2004-05-01
1404,ID_897,2007-06-01
1405,ID_898,2007-09-01
1406,ID_9,2001-08-01
1407,ID_90,1998-11-01
1408,ID_901,2007-12-01
1409,ID_902,2008-08-01
1410,ID_903,2010-03-01
1411,ID_904,2009-11-01
1412,ID_905,2010-12-01
1413,ID_906,2009-11-01
1414,ID_907,1998-05-01
1415,ID_908,2008-08-01
1416,ID_909,2009-12-01
1417,ID_91,2002-04-01
1418,ID_910,2015-05-01
1419,ID_911,2012-08-01
1420,ID_912,2013-10-01
1421,ID_913,2012-09-01
1422,ID_915,2011-10-01
1423,ID_916,2016-01-01
1424,ID_917,2015-12-01
1425,ID_918,2015-07-01
1426,ID_919,2005-10-01
1427,ID_923,2008-03-01
1428,ID_924,2010-08-01
1429,ID_925,2015-06-01
1430,ID_93,2004-04-01
1431,ID_944,2008-01-01
1432,ID_945,1996-06-01
1433,ID_946,1997-11-01
1434,ID_947,2007-03-01
1435,ID_948,2007-06-01
1436,ID_949,2008-04-01
1437,ID_950,2007-01-01
1438,ID_951,2007-01-01
1439,ID_952,2013-11-01
1440,ID_96,2005-09-01
1441,ID_971,1990-08-01
1442,ID_973,1997-02-01
1443,ID_974,1997-01-01
1444,ID_975,1965-09-01
1445,ID_977,1999-03-01
1446,ID_978,2001-08-01
1447,ID_979,2004-07-01
1448,ID_982,2006-05-01
1449,ID_985,1999-05-01
1450,ID_986,2003-12-01
1451,ID_987,2006-12-01
1452,ID_988,2008-05-01
1453,ID_99,2000-02-01
1454,ID_990,2008-07-01
1455,ID_991,2008-03-01
1456,ID_992,2010-04-01
1457,ID_993,2009-08-01
1458,ID_994,2010-12-01
1459,ID_995,1998-01-01
1460,ID_996,2010-07-01
1461,ID_997,2015-03-01
1462,ID_998,2012-08-01
1463,ID_999,2013-09-01
