,cluster_id,regulatory_designations_hasany
0,ID_1,0.0
1,ID_2,0.0
2,ID_3,0.0
3,ID_5,1.0
4,ID_6,0.0
5,ID_7,0.0
6,ID_8,1.0
7,ID_9,1.0
8,ID_11,1.0
9,ID_12,1.0
10,ID_13,0.0
11,ID_14,0.0
12,ID_15,0.0
13,ID_16,0.0
14,ID_17,1.0
15,ID_18,1.0
16,ID_19,1.0
17,ID_21,1.0
18,ID_22,0.0
19,ID_23,0.0
20,ID_24,1.0
21,ID_25,1.0
22,ID_27,1.0
23,ID_29,1.0
24,ID_31,1.0
25,ID_32,0.0
26,ID_33,1.0
27,ID_35,1.0
28,ID_36,1.0
29,ID_38,1.0
30,ID_39,1.0
31,ID_41,1.0
32,ID_43,1.0
33,ID_44,1.0
34,ID_45,1.0
35,ID_60,1.0
36,ID_61,0.0
37,ID_62,1.0
38,ID_63,0.0
39,ID_64,0.0
40,ID_65,1.0
41,ID_83,0.0
42,ID_84,0.0
43,ID_85,0.0
44,ID_86,1.0
45,ID_87,0.0
46,ID_88,0.0
47,ID_89,0.0
48,ID_90,1.0
49,ID_91,1.0
50,ID_92,0.0
51,ID_93,1.0
52,ID_95,0.0
53,ID_96,1.0
54,ID_97,0.0
55,ID_99,0.0
56,ID_100,1.0
57,ID_102,1.0
58,ID_103,0.0
59,ID_105,1.0
60,ID_106,0.0
61,ID_107,1.0
62,ID_108,1.0
63,ID_109,1.0
64,ID_110,0.0
65,ID_111,0.0
66,ID_112,1.0
67,ID_113,1.0
68,ID_114,1.0
69,ID_115,0.0
70,ID_116,1.0
71,ID_118,1.0
72,ID_119,0.0
73,ID_120,1.0
74,ID_121,1.0
75,ID_124,1.0
76,ID_126,1.0
77,ID_128,1.0
78,ID_129,1.0
79,ID_130,1.0
80,ID_142,0.0
81,ID_143,0.0
82,ID_144,1.0
83,ID_162,0.0
84,ID_163,0.0
85,ID_164,0.0
86,ID_165,0.0
87,ID_166,0.0
88,ID_167,1.0
89,ID_168,0.0
90,ID_169,0.0
91,ID_170,0.0
92,ID_171,0.0
93,ID_172,0.0
94,ID_173,1.0
95,ID_174,1.0
96,ID_175,0.0
97,ID_176,1.0
98,ID_177,0.0
99,ID_178,0.0
100,ID_179,0.0
101,ID_180,0.0
102,ID_181,1.0
103,ID_182,0.0
104,ID_183,1.0
105,ID_184,0.0
106,ID_186,1.0
107,ID_187,0.0
108,ID_188,0.0
109,ID_189,1.0
110,ID_190,1.0
111,ID_191,0.0
112,ID_192,0.0
113,ID_193,1.0
114,ID_194,1.0
115,ID_195,0.0
116,ID_196,1.0
117,ID_199,1.0
118,ID_200,1.0
119,ID_202,1.0
120,ID_204,1.0
121,ID_206,1.0
122,ID_207,1.0
123,ID_208,1.0
124,ID_212,1.0
125,ID_213,0.0
126,ID_214,0.0
127,ID_215,0.0
128,ID_216,0.0
129,ID_217,0.0
130,ID_218,0.0
131,ID_219,0.0
132,ID_220,0.0
133,ID_222,0.0
134,ID_223,0.0
135,ID_225,0.0
136,ID_227,1.0
137,ID_228,1.0
138,ID_229,1.0
139,ID_251,0.0
140,ID_252,0.0
141,ID_253,0.0
142,ID_254,1.0
143,ID_255,0.0
144,ID_256,0.0
145,ID_257,0.0
146,ID_258,1.0
147,ID_259,1.0
148,ID_260,0.0
149,ID_262,1.0
150,ID_263,1.0
151,ID_264,0.0
152,ID_265,0.0
153,ID_266,0.0
154,ID_267,1.0
155,ID_268,0.0
156,ID_269,1.0
157,ID_270,0.0
158,ID_271,1.0
159,ID_272,0.0
160,ID_273,1.0
161,ID_274,0.0
162,ID_275,1.0
163,ID_276,0.0
164,ID_277,1.0
165,ID_278,1.0
166,ID_279,1.0
167,ID_280,1.0
168,ID_282,1.0
169,ID_283,1.0
170,ID_284,1.0
171,ID_286,0.0
172,ID_287,0.0
173,ID_289,0.0
174,ID_290,0.0
175,ID_291,1.0
176,ID_292,0.0
177,ID_293,0.0
178,ID_294,0.0
179,ID_295,0.0
180,ID_296,1.0
181,ID_297,1.0
182,ID_298,0.0
183,ID_299,1.0
184,ID_300,0.0
185,ID_301,0.0
186,ID_302,1.0
187,ID_303,0.0
188,ID_304,0.0
189,ID_305,0.0
190,ID_306,1.0
191,ID_307,0.0
192,ID_308,1.0
193,ID_311,1.0
194,ID_312,0.0
195,ID_313,0.0
196,ID_314,1.0
197,ID_315,1.0
198,ID_316,0.0
199,ID_317,0.0
200,ID_318,1.0
201,ID_319,1.0
202,ID_320,1.0
203,ID_321,0.0
204,ID_322,1.0
205,ID_324,1.0
206,ID_325,0.0
207,ID_326,1.0
208,ID_327,1.0
209,ID_329,1.0
210,ID_330,1.0
211,ID_332,1.0
212,ID_334,1.0
213,ID_335,1.0
214,ID_336,1.0
215,ID_355,1.0
216,ID_373,0.0
217,ID_374,0.0
218,ID_375,0.0
219,ID_376,0.0
220,ID_377,0.0
221,ID_378,0.0
222,ID_379,1.0
223,ID_380,0.0
224,ID_381,0.0
225,ID_382,0.0
226,ID_383,0.0
227,ID_384,1.0
228,ID_385,1.0
229,ID_387,0.0
230,ID_388,1.0
231,ID_389,1.0
232,ID_390,0.0
233,ID_391,0.0
234,ID_392,0.0
235,ID_393,0.0
236,ID_394,0.0
237,ID_395,1.0
238,ID_396,0.0
239,ID_397,1.0
240,ID_399,1.0
241,ID_400,0.0
242,ID_401,1.0
243,ID_402,1.0
244,ID_403,0.0
245,ID_405,1.0
246,ID_406,1.0
247,ID_407,0.0
248,ID_408,1.0
249,ID_414,1.0
250,ID_415,1.0
251,ID_416,1.0
252,ID_431,1.0
253,ID_432,1.0
254,ID_433,1.0
255,ID_434,1.0
256,ID_435,1.0
257,ID_453,0.0
258,ID_454,0.0
259,ID_456,0.0
260,ID_457,0.0
261,ID_458,1.0
262,ID_459,0.0
263,ID_460,0.0
264,ID_461,0.0
265,ID_462,1.0
266,ID_463,1.0
267,ID_465,1.0
268,ID_466,1.0
269,ID_467,0.0
270,ID_468,0.0
271,ID_469,1.0
272,ID_470,0.0
273,ID_471,0.0
274,ID_472,0.0
275,ID_473,1.0
276,ID_475,1.0
277,ID_476,0.0
278,ID_477,1.0
279,ID_478,1.0
280,ID_481,1.0
281,ID_482,1.0
282,ID_483,1.0
283,ID_484,0.0
284,ID_485,1.0
285,ID_487,0.0
286,ID_488,1.0
287,ID_489,1.0
288,ID_490,1.0
289,ID_492,1.0
290,ID_495,1.0
291,ID_496,1.0
292,ID_497,1.0
293,ID_520,1.0
294,ID_521,1.0
295,ID_539,0.0
296,ID_540,0.0
297,ID_541,0.0
298,ID_542,0.0
299,ID_543,0.0
300,ID_544,1.0
301,ID_545,0.0
302,ID_546,0.0
303,ID_547,0.0
304,ID_548,1.0
305,ID_549,1.0
306,ID_550,0.0
307,ID_551,1.0
308,ID_552,1.0
309,ID_553,0.0
310,ID_554,0.0
311,ID_555,1.0
312,ID_556,0.0
313,ID_557,0.0
314,ID_558,0.0
315,ID_559,1.0
316,ID_560,0.0
317,ID_562,1.0
318,ID_563,0.0
319,ID_564,0.0
320,ID_565,1.0
321,ID_566,1.0
322,ID_567,0.0
323,ID_568,0.0
324,ID_569,1.0
325,ID_570,1.0
326,ID_571,1.0
327,ID_572,0.0
328,ID_573,1.0
329,ID_575,1.0
330,ID_576,0.0
331,ID_577,1.0
332,ID_578,1.0
333,ID_579,1.0
334,ID_584,1.0
335,ID_585,1.0
336,ID_586,1.0
337,ID_589,0.0
338,ID_590,1.0
339,ID_591,1.0
340,ID_592,0.0
341,ID_593,0.0
342,ID_594,0.0
343,ID_595,0.0
344,ID_596,0.0
345,ID_597,0.0
346,ID_598,0.0
347,ID_599,0.0
348,ID_601,0.0
349,ID_605,0.0
350,ID_606,0.0
351,ID_607,1.0
352,ID_608,1.0
353,ID_609,1.0
354,ID_610,1.0
355,ID_628,0.0
356,ID_629,0.0
357,ID_630,1.0
358,ID_631,0.0
359,ID_632,0.0
360,ID_633,1.0
361,ID_634,1.0
362,ID_636,1.0
363,ID_637,1.0
364,ID_638,0.0
365,ID_639,0.0
366,ID_640,0.0
367,ID_641,0.0
368,ID_642,1.0
369,ID_643,1.0
370,ID_644,1.0
371,ID_645,1.0
372,ID_646,1.0
373,ID_647,1.0
374,ID_649,1.0
375,ID_650,0.0
376,ID_651,1.0
377,ID_654,1.0
378,ID_655,1.0
379,ID_659,1.0
380,ID_660,1.0
381,ID_661,1.0
382,ID_675,1.0
383,ID_676,0.0
384,ID_677,0.0
385,ID_678,1.0
386,ID_679,1.0
387,ID_680,1.0
388,ID_698,0.0
389,ID_699,0.0
390,ID_700,0.0
391,ID_701,0.0
392,ID_702,1.0
393,ID_703,0.0
394,ID_704,0.0
395,ID_705,0.0
396,ID_706,0.0
397,ID_707,0.0
398,ID_708,1.0
399,ID_709,1.0
400,ID_710,0.0
401,ID_711,0.0
402,ID_712,1.0
403,ID_713,0.0
404,ID_715,0.0
405,ID_716,0.0
406,ID_717,0.0
407,ID_718,1.0
408,ID_719,1.0
409,ID_720,0.0
410,ID_722,1.0
411,ID_723,0.0
412,ID_724,0.0
413,ID_725,1.0
414,ID_726,1.0
415,ID_733,1.0
416,ID_748,0.0
417,ID_749,1.0
418,ID_750,0.0
419,ID_751,0.0
420,ID_752,0.0
421,ID_753,1.0
422,ID_754,1.0
423,ID_756,1.0
424,ID_757,1.0
425,ID_758,0.0
426,ID_759,0.0
427,ID_760,0.0
428,ID_761,0.0
429,ID_762,1.0
430,ID_763,1.0
431,ID_764,1.0
432,ID_765,0.0
433,ID_766,0.0
434,ID_767,1.0
435,ID_768,1.0
436,ID_769,1.0
437,ID_771,1.0
438,ID_772,1.0
439,ID_773,0.0
440,ID_774,1.0
441,ID_776,1.0
442,ID_777,1.0
443,ID_778,1.0
444,ID_779,1.0
445,ID_780,1.0
446,ID_789,1.0
447,ID_790,0.0
448,ID_791,0.0
449,ID_792,1.0
450,ID_793,1.0
451,ID_798,0.0
452,ID_799,0.0
453,ID_800,0.0
454,ID_802,1.0
455,ID_803,1.0
456,ID_804,0.0
457,ID_805,1.0
458,ID_806,0.0
459,ID_807,0.0
460,ID_808,1.0
461,ID_809,0.0
462,ID_811,0.0
463,ID_812,1.0
464,ID_813,1.0
465,ID_814,0.0
466,ID_816,1.0
467,ID_817,0.0
468,ID_818,0.0
469,ID_819,1.0
470,ID_820,1.0
471,ID_821,1.0
472,ID_822,0.0
473,ID_823,1.0
474,ID_824,1.0
475,ID_825,1.0
476,ID_826,0.0
477,ID_827,1.0
478,ID_829,1.0
479,ID_830,0.0
480,ID_831,1.0
481,ID_832,1.0
482,ID_833,1.0
483,ID_835,1.0
484,ID_837,1.0
485,ID_839,1.0
486,ID_840,1.0
487,ID_841,1.0
488,ID_855,0.0
489,ID_856,1.0
490,ID_875,0.0
491,ID_876,0.0
492,ID_877,0.0
493,ID_879,0.0
494,ID_880,1.0
495,ID_881,0.0
496,ID_882,0.0
497,ID_883,0.0
498,ID_884,0.0
499,ID_885,1.0
500,ID_886,1.0
501,ID_887,0.0
502,ID_889,1.0
503,ID_890,0.0
504,ID_891,0.0
505,ID_892,1.0
506,ID_893,0.0
507,ID_894,0.0
508,ID_895,0.0
509,ID_896,1.0
510,ID_897,0.0
511,ID_898,1.0
512,ID_899,0.0
513,ID_901,1.0
514,ID_902,0.0
515,ID_903,0.0
516,ID_904,1.0
517,ID_905,1.0
518,ID_906,0.0
519,ID_907,0.0
520,ID_908,0.0
521,ID_909,1.0
522,ID_910,1.0
523,ID_911,1.0
524,ID_912,0.0
525,ID_913,1.0
526,ID_915,1.0
527,ID_916,0.0
528,ID_917,1.0
529,ID_918,1.0
530,ID_919,1.0
531,ID_923,1.0
532,ID_924,1.0
533,ID_925,1.0
534,ID_944,1.0
535,ID_945,0.0
536,ID_946,0.0
537,ID_947,0.0
538,ID_948,0.0
539,ID_949,0.0
540,ID_950,1.0
541,ID_951,1.0
542,ID_952,1.0
543,ID_970,0.0
544,ID_971,0.0
545,ID_973,0.0
546,ID_974,1.0
547,ID_975,0.0
548,ID_976,0.0
549,ID_977,1.0
550,ID_978,1.0
551,ID_979,1.0
552,ID_980,0.0
553,ID_981,0.0
554,ID_982,1.0
555,ID_983,0.0
556,ID_984,0.0
557,ID_985,0.0
558,ID_986,1.0
559,ID_987,0.0
560,ID_988,1.0
561,ID_990,1.0
562,ID_991,0.0
563,ID_992,0.0
564,ID_993,1.0
565,ID_994,1.0
566,ID_995,0.0
567,ID_996,1.0
568,ID_997,1.0
569,ID_998,1.0
570,ID_999,0.0
571,ID_1000,1.0
572,ID_1002,1.0
573,ID_1003,0.0
574,ID_1004,1.0
575,ID_1005,1.0
576,ID_1006,1.0
577,ID_1009,1.0
578,ID_1011,1.0
579,ID_1013,1.0
580,ID_1014,1.0
581,ID_1015,1.0
582,ID_1029,0.0
583,ID_1030,1.0
584,ID_1047,0.0
585,ID_1048,0.0
586,ID_1049,0.0
587,ID_1050,1.0
588,ID_1051,0.0
589,ID_1052,0.0
590,ID_1053,0.0
591,ID_1054,0.0
592,ID_1055,1.0
593,ID_1056,1.0
594,ID_1057,0.0
595,ID_1058,1.0
596,ID_1059,1.0
597,ID_1060,0.0
598,ID_1061,0.0
599,ID_1062,0.0
600,ID_1063,0.0
601,ID_1064,1.0
602,ID_1065,0.0
603,ID_1066,1.0
604,ID_1068,1.0
605,ID_1069,0.0
606,ID_1070,0.0
607,ID_1071,1.0
608,ID_1072,1.0
609,ID_1073,1.0
610,ID_1074,0.0
611,ID_1075,0.0
612,ID_1076,1.0
613,ID_1077,0.0
614,ID_1078,1.0
615,ID_1080,1.0
616,ID_1082,1.0
617,ID_1083,1.0
618,ID_1084,1.0
619,ID_1086,0.0
620,ID_1087,1.0
621,ID_1088,1.0
622,ID_1089,0.0
623,ID_1090,0.0
624,ID_1091,0.0
625,ID_1092,0.0
626,ID_1093,0.0
627,ID_1095,0.0
628,ID_1097,0.0
629,ID_1098,0.0
630,ID_1099,1.0
631,ID_1100,1.0
632,ID_1101,1.0
633,ID_1110,0.0
634,ID_1111,0.0
635,ID_1112,0.0
636,ID_1113,1.0
637,ID_1114,0.0
638,ID_1115,0.0
639,ID_1116,0.0
640,ID_1117,0.0
641,ID_1118,0.0
642,ID_1119,1.0
643,ID_1120,1.0
644,ID_1121,0.0
645,ID_1122,1.0
646,ID_1123,0.0
647,ID_1124,0.0
648,ID_1125,1.0
649,ID_1126,0.0
650,ID_1127,0.0
651,ID_1128,0.0
652,ID_1129,0.0
653,ID_1130,1.0
654,ID_1131,0.0
655,ID_1132,1.0
656,ID_1133,0.0
657,ID_1135,1.0
658,ID_1136,0.0
659,ID_1137,0.0
660,ID_1138,1.0
661,ID_1139,1.0
662,ID_1140,0.0
663,ID_1141,0.0
664,ID_1142,0.0
665,ID_1143,1.0
666,ID_1144,1.0
667,ID_1145,1.0
668,ID_1146,0.0
669,ID_1147,1.0
670,ID_1149,1.0
671,ID_1150,0.0
672,ID_1151,1.0
673,ID_1153,1.0
674,ID_1157,1.0
675,ID_1158,1.0
676,ID_1159,1.0
677,ID_1178,1.0
678,ID_1179,0.0
679,ID_1180,0.0
680,ID_1181,1.0
681,ID_1182,0.0
682,ID_1183,0.0
683,ID_1184,1.0
684,ID_1185,0.0
685,ID_1186,0.0
686,ID_1187,1.0
687,ID_1188,1.0
688,ID_1189,1.0
689,ID_1207,0.0
690,ID_1208,0.0
691,ID_1210,0.0
692,ID_1211,0.0
693,ID_1212,1.0
694,ID_1213,0.0
695,ID_1214,0.0
696,ID_1215,0.0
697,ID_1216,1.0
698,ID_1217,1.0
699,ID_1218,0.0
700,ID_1219,1.0
701,ID_1220,0.0
702,ID_1221,0.0
703,ID_1222,1.0
704,ID_1223,0.0
705,ID_1224,0.0
706,ID_1225,1.0
707,ID_1226,0.0
708,ID_1227,1.0
709,ID_1228,0.0
710,ID_1230,1.0
711,ID_1231,0.0
712,ID_1232,0.0
713,ID_1233,1.0
714,ID_1234,1.0
715,ID_1235,0.0
716,ID_1236,0.0
717,ID_1237,1.0
718,ID_1238,1.0
719,ID_1239,1.0
720,ID_1240,0.0
721,ID_1241,1.0
722,ID_1243,1.0
723,ID_1244,0.0
724,ID_1245,1.0
725,ID_1246,1.0
726,ID_1248,1.0
727,ID_1249,1.0
728,ID_1251,1.0
729,ID_1253,1.0
730,ID_1254,1.0
731,ID_1255,1.0
732,ID_1269,0.0
733,ID_1286,0.0
734,ID_1287,0.0
735,ID_1289,0.0
736,ID_1290,1.0
737,ID_1291,0.0
738,ID_1292,0.0
739,ID_1293,0.0
740,ID_1294,0.0
741,ID_1295,1.0
742,ID_1296,1.0
743,ID_1297,0.0
744,ID_1298,1.0
745,ID_1300,0.0
746,ID_1301,0.0
747,ID_1302,1.0
748,ID_1303,0.0
749,ID_1304,0.0
750,ID_1305,0.0
751,ID_1306,1.0
752,ID_1307,0.0
753,ID_1308,1.0
754,ID_1309,0.0
755,ID_1310,1.0
756,ID_1311,1.0
757,ID_1312,0.0
758,ID_1313,0.0
759,ID_1314,1.0
760,ID_1315,1.0
761,ID_1316,0.0
762,ID_1317,0.0
763,ID_1318,0.0
764,ID_1319,1.0
765,ID_1320,1.0
766,ID_1321,0.0
767,ID_1322,1.0
768,ID_1324,1.0
769,ID_1325,1.0
770,ID_1326,1.0
771,ID_1327,1.0
772,ID_1329,1.0
773,ID_1331,1.0
774,ID_1333,1.0
775,ID_1334,1.0
776,ID_1335,1.0
777,ID_1344,0.0
778,ID_1346,0.0
779,ID_1349,1.0
780,ID_1350,1.0
781,ID_1351,1.0
782,ID_1369,0.0
783,ID_1370,0.0
784,ID_1371,0.0
785,ID_1372,0.0
786,ID_1373,0.0
787,ID_1374,1.0
788,ID_1375,0.0
789,ID_1376,0.0
790,ID_1377,0.0
791,ID_1378,1.0
792,ID_1379,1.0
793,ID_1380,0.0
794,ID_1381,1.0
795,ID_1382,0.0
796,ID_1383,0.0
797,ID_1384,0.0
798,ID_1385,0.0
799,ID_1386,0.0
800,ID_1387,1.0
801,ID_1388,0.0
802,ID_1389,1.0
803,ID_1392,1.0
804,ID_1393,0.0
805,ID_1394,0.0
806,ID_1395,1.0
807,ID_1397,1.0
808,ID_1398,0.0
809,ID_1399,0.0
810,ID_1400,1.0
811,ID_1401,1.0
812,ID_1402,1.0
813,ID_1403,0.0
814,ID_1404,1.0
815,ID_1406,1.0
816,ID_1407,0.0
817,ID_1408,1.0
818,ID_1409,1.0
819,ID_1411,1.0
820,ID_1413,1.0
821,ID_1415,1.0
822,ID_1416,1.0
823,ID_1417,1.0
824,ID_1438,1.0
825,ID_1439,0.0
826,ID_1440,0.0
827,ID_1441,1.0
828,ID_1442,0.0
829,ID_1443,0.0
830,ID_1445,1.0
831,ID_1446,1.0
832,ID_1447,1.0
833,ID_1453,0.0
834,ID_1454,0.0
835,ID_1455,0.0
836,ID_1456,0.0
837,ID_1457,0.0
838,ID_1458,1.0
839,ID_1459,0.0
840,ID_1460,0.0
841,ID_1461,0.0
842,ID_1462,0.0
843,ID_1463,1.0
844,ID_1464,1.0
845,ID_1465,0.0
846,ID_1466,1.0
847,ID_1467,0.0
848,ID_1468,0.0
849,ID_1469,1.0
850,ID_1470,0.0
851,ID_1471,0.0
852,ID_1472,1.0
853,ID_1473,0.0
854,ID_1474,1.0
855,ID_1476,1.0
856,ID_1477,0.0
857,ID_1478,0.0
858,ID_1479,1.0
859,ID_1480,1.0
860,ID_1481,0.0
861,ID_1482,0.0
862,ID_1483,1.0
863,ID_1484,1.0
864,ID_1485,1.0
865,ID_1486,0.0
866,ID_1487,1.0
867,ID_1491,1.0
868,ID_1492,1.0
869,ID_1495,1.0
870,ID_1496,1.0
871,ID_1498,1.0
872,ID_1500,1.0
873,ID_1501,1.0
874,ID_1502,1.0
875,ID_1515,1.0
876,ID_1533,0.0
877,ID_1534,0.0
878,ID_1536,0.0
879,ID_1537,0.0
880,ID_1538,1.0
881,ID_1539,0.0
882,ID_1540,0.0
883,ID_1541,0.0
884,ID_1542,0.0
885,ID_1543,1.0
886,ID_1544,1.0
887,ID_1545,0.0
888,ID_1546,1.0
889,ID_1547,0.0
890,ID_1548,0.0
891,ID_1549,1.0
892,ID_1550,0.0
893,ID_1551,0.0
894,ID_1552,0.0
895,ID_1553,1.0
896,ID_1554,0.0
897,ID_1555,1.0
898,ID_1556,0.0
899,ID_1558,1.0
900,ID_1559,0.0
901,ID_1560,0.0
902,ID_1561,1.0
903,ID_1562,1.0
904,ID_1563,1.0
905,ID_1564,0.0
906,ID_1565,1.0
907,ID_1566,1.0
908,ID_1567,1.0
909,ID_1568,0.0
910,ID_1569,1.0
911,ID_1571,1.0
912,ID_1574,1.0
913,ID_1576,1.0
914,ID_1578,1.0
915,ID_1580,1.0
916,ID_1581,1.0
917,ID_1582,1.0
918,ID_1597,1.0
919,ID_1615,0.0
920,ID_1616,0.0
921,ID_1618,0.0
922,ID_1619,0.0
923,ID_1620,0.0
924,ID_1621,1.0
925,ID_1622,0.0
926,ID_1623,0.0
927,ID_1624,0.0
928,ID_1625,0.0
929,ID_1626,1.0
930,ID_1627,1.0
931,ID_1628,0.0
932,ID_1629,1.0
933,ID_1630,0.0
934,ID_1631,0.0
935,ID_1632,0.0
936,ID_1633,0.0
937,ID_1634,0.0
938,ID_1635,1.0
939,ID_1636,0.0
940,ID_1637,1.0
941,ID_1638,0.0
942,ID_1639,0.0
943,ID_1640,1.0
944,ID_1641,1.0
945,ID_1642,0.0
946,ID_1643,0.0
947,ID_1644,1.0
948,ID_1645,0.0
949,ID_1646,1.0
950,ID_1648,1.0
951,ID_1653,1.0
952,ID_1654,1.0
953,ID_1655,1.0
954,ID_1666,1.0
955,ID_1667,1.0
956,ID_1668,1.0
957,ID_1669,1.0
958,ID_1670,1.0
959,ID_1688,0.0
960,ID_1689,0.0
961,ID_1690,0.0
962,ID_1691,1.0
963,ID_1692,0.0
964,ID_1693,0.0
965,ID_1694,0.0
966,ID_1695,0.0
967,ID_1696,1.0
968,ID_1697,1.0
969,ID_1698,0.0
970,ID_1699,1.0
971,ID_1700,1.0
972,ID_1701,0.0
973,ID_1702,0.0
974,ID_1703,1.0
975,ID_1704,0.0
976,ID_1705,0.0
977,ID_1706,1.0
978,ID_1707,1.0
979,ID_1708,1.0
980,ID_1709,0.0
981,ID_1710,1.0
982,ID_1711,1.0
983,ID_1712,1.0
984,ID_1713,0.0
985,ID_1714,1.0
986,ID_1715,1.0
987,ID_1716,1.0
988,ID_1717,1.0
989,ID_1718,1.0
990,ID_1720,1.0
991,ID_1721,0.0
992,ID_1722,1.0
993,ID_1723,0.0
994,ID_1724,1.0
995,ID_1725,1.0
996,ID_1727,0.0
997,ID_1728,0.0
998,ID_1730,0.0
999,ID_1731,0.0
1000,ID_1732,1.0
1001,ID_1733,0.0
1002,ID_1734,0.0
1003,ID_1735,0.0
1004,ID_1736,0.0
1005,ID_1737,1.0
1006,ID_1738,1.0
1007,ID_1739,0.0
1008,ID_1740,1.0
1009,ID_1741,0.0
1010,ID_1743,1.0
1011,ID_1744,0.0
1012,ID_1745,0.0
1013,ID_1746,0.0
1014,ID_1747,0.0
1015,ID_1748,1.0
1016,ID_1749,1.0
1017,ID_1750,0.0
1018,ID_1752,1.0
1019,ID_1753,0.0
1020,ID_1754,0.0
1021,ID_1755,1.0
1022,ID_1756,1.0
1023,ID_1757,1.0
1024,ID_1758,0.0
1025,ID_1759,0.0
1026,ID_1760,1.0
1027,ID_1761,1.0
1028,ID_1762,1.0
1029,ID_1763,0.0
1030,ID_1764,1.0
1031,ID_1766,1.0
1032,ID_1768,0.0
1033,ID_1769,1.0
1034,ID_1771,1.0
1035,ID_1774,1.0
1036,ID_1777,1.0
1037,ID_1778,1.0
1038,ID_1779,1.0
1039,ID_1782,0.0
1040,ID_1783,1.0
1041,ID_1784,1.0
1042,ID_1785,0.0
1043,ID_1786,0.0
1044,ID_1788,0.0
1045,ID_1789,0.0
1046,ID_1790,0.0
1047,ID_1791,0.0
1048,ID_1792,0.0
1049,ID_1794,0.0
1050,ID_1795,0.0
1051,ID_1799,0.0
1052,ID_1800,1.0
1053,ID_1801,0.0
1054,ID_1802,1.0
1055,ID_1803,1.0
1056,ID_1821,0.0
1057,ID_1822,0.0
1058,ID_1823,0.0
1059,ID_1824,0.0
1060,ID_1825,1.0
1061,ID_1826,0.0
1062,ID_1827,0.0
1063,ID_1828,0.0
1064,ID_1829,0.0
1065,ID_1830,1.0
1066,ID_1831,1.0
1067,ID_1832,1.0
1068,ID_1833,0.0
1069,ID_1834,0.0
1070,ID_1835,0.0
1071,ID_1836,0.0
1072,ID_1837,1.0
1073,ID_1838,0.0
1074,ID_1839,1.0
1075,ID_1840,0.0
1076,ID_1841,1.0
1077,ID_1842,0.0
1078,ID_1843,0.0
1079,ID_1844,1.0
1080,ID_1846,1.0
1081,ID_1847,0.0
1082,ID_1848,1.0
1083,ID_1849,0.0
1084,ID_1850,1.0
1085,ID_1853,1.0
1086,ID_1855,1.0
1087,ID_1857,1.0
1088,ID_1859,1.0
1089,ID_1860,1.0
1090,ID_1862,1.0
1091,ID_1867,0.0
1092,ID_1874,0.0
1093,ID_1875,1.0
1094,ID_1876,1.0
1095,ID_1877,1.0
1096,ID_1878,1.0
1097,ID_1879,1.0
1098,ID_1894,0.0
1099,ID_1895,0.0
1100,ID_1896,0.0
1101,ID_1897,0.0
1102,ID_1898,0.0
1103,ID_1899,1.0
1104,ID_1900,0.0
1105,ID_1901,0.0
1106,ID_1902,0.0
1107,ID_1903,1.0
1108,ID_1904,1.0
1109,ID_1905,0.0
1110,ID_1906,1.0
1111,ID_1907,0.0
1112,ID_1908,0.0
1113,ID_1909,0.0
1114,ID_1910,0.0
1115,ID_1911,1.0
1116,ID_1912,0.0
1117,ID_1913,1.0
1118,ID_1914,0.0
1119,ID_1916,1.0
1120,ID_1917,0.0
1121,ID_1918,0.0
1122,ID_1919,1.0
1123,ID_1920,1.0
1124,ID_1921,0.0
1125,ID_1922,0.0
1126,ID_1923,1.0
1127,ID_1924,0.0
1128,ID_1925,1.0
1129,ID_1927,1.0
1130,ID_1928,1.0
1131,ID_1930,1.0
1132,ID_1931,1.0
1133,ID_1932,1.0
1134,ID_1946,1.0
1135,ID_1947,1.0
1136,ID_1949,1.0
1137,ID_1950,1.0
1138,ID_1959,0.0
1139,ID_1960,0.0
1140,ID_1962,0.0
1141,ID_1963,0.0
1142,ID_1964,1.0
1143,ID_1965,0.0
1144,ID_1966,0.0
1145,ID_1967,1.0
1146,ID_1968,1.0
1147,ID_1969,0.0
1148,ID_1970,1.0
1149,ID_1971,0.0
1150,ID_1972,0.0
1151,ID_1973,0.0
1152,ID_1974,0.0
1153,ID_1975,1.0
1154,ID_1976,0.0
1155,ID_1977,1.0
1156,ID_1979,1.0
1157,ID_1980,0.0
1158,ID_1981,0.0
1159,ID_1982,1.0
1160,ID_1983,1.0
1161,ID_1984,1.0
1162,ID_1985,0.0
1163,ID_1986,0.0
1164,ID_1987,1.0
1165,ID_1988,1.0
1166,ID_1989,0.0
1167,ID_1990,1.0
1168,ID_1993,1.0
1169,ID_1994,1.0
1170,ID_1996,1.0
1171,ID_1999,1.0
1172,ID_2000,1.0
1173,ID_2001,1.0
1174,ID_2014,1.0
1175,ID_2015,0.0
1176,ID_2016,1.0
1177,ID_2017,0.0
1178,ID_2018,1.0
1179,ID_2019,1.0
1180,ID_2037,0.0
1181,ID_2038,0.0
1182,ID_2040,0.0
1183,ID_2041,0.0
1184,ID_2042,1.0
1185,ID_2043,0.0
1186,ID_2044,0.0
1187,ID_2045,0.0
1188,ID_2046,0.0
1189,ID_2047,1.0
1190,ID_2048,1.0
1191,ID_2049,0.0
1192,ID_2050,1.0
1193,ID_2052,0.0
1194,ID_2053,0.0
1195,ID_2054,1.0
1196,ID_2055,0.0
1197,ID_2056,0.0
1198,ID_2057,1.0
1199,ID_2058,0.0
1200,ID_2059,1.0
1201,ID_2060,0.0
1202,ID_2062,1.0
1203,ID_2063,0.0
1204,ID_2064,0.0
1205,ID_2065,1.0
1206,ID_2066,1.0
1207,ID_2067,1.0
1208,ID_2068,0.0
1209,ID_2069,0.0
1210,ID_2070,1.0
1211,ID_2071,1.0
1212,ID_2072,1.0
1213,ID_2073,0.0
1214,ID_2074,1.0
1215,ID_2076,1.0
1216,ID_2077,0.0
1217,ID_2078,1.0
1218,ID_2079,1.0
1219,ID_2080,1.0
1220,ID_2083,1.0
1221,ID_2085,1.0
1222,ID_2087,1.0
1223,ID_2088,1.0
1224,ID_2089,1.0
1225,ID_2104,0.0
1226,ID_2105,1.0
1227,ID_2122,0.0
1228,ID_2123,0.0
1229,ID_2124,0.0
1230,ID_2125,0.0
1231,ID_2126,0.0
1232,ID_2127,0.0
1233,ID_2128,1.0
1234,ID_2129,1.0
1235,ID_2130,0.0
1236,ID_2131,0.0
1237,ID_2132,1.0
1238,ID_2133,0.0
1239,ID_2134,0.0
1240,ID_2135,1.0
1241,ID_2136,1.0
1242,ID_2138,0.0
1243,ID_2139,1.0
1244,ID_2140,1.0
1245,ID_2141,1.0
1246,ID_2143,1.0
1247,ID_2144,0.0
1248,ID_2145,1.0
1249,ID_2148,1.0
1250,ID_2150,1.0
1251,ID_2152,1.0
1252,ID_2153,1.0
1253,ID_2154,1.0
1254,ID_2162,1.0
1255,ID_2176,0.0
1256,ID_2177,0.0
1257,ID_2178,0.0
1258,ID_2179,0.0
1259,ID_2180,0.0
1260,ID_2181,1.0
1261,ID_2182,0.0
1262,ID_2183,0.0
1263,ID_2184,0.0
1264,ID_2185,0.0
1265,ID_2186,1.0
1266,ID_2187,1.0
1267,ID_2188,1.0
1268,ID_2189,0.0
1269,ID_2190,1.0
1270,ID_2191,0.0
1271,ID_2192,0.0
1272,ID_2193,1.0
1273,ID_2194,0.0
1274,ID_2195,1.0
1275,ID_2196,1.0
1276,ID_2197,0.0
1277,ID_2198,1.0
1278,ID_2199,1.0
1279,ID_2200,0.0
1280,ID_2201,0.0
1281,ID_2202,0.0
1282,ID_2203,1.0
1283,ID_2205,1.0
1284,ID_2206,1.0
1285,ID_2207,1.0
1286,ID_2208,1.0
1287,ID_2221,0.0
1288,ID_2223,1.0
1289,ID_2224,0.0
1290,ID_2225,0.0
1291,ID_2226,1.0
1292,ID_2244,0.0
1293,ID_2245,0.0
1294,ID_2247,0.0
1295,ID_2248,0.0
1296,ID_2249,1.0
1297,ID_2250,0.0
1298,ID_2251,0.0
1299,ID_2252,0.0
1300,ID_2253,0.0
1301,ID_2254,0.0
1302,ID_2255,1.0
1303,ID_2256,1.0
1304,ID_2257,0.0
1305,ID_2258,1.0
1306,ID_2259,1.0
1307,ID_2260,0.0
1308,ID_2261,0.0
1309,ID_2262,1.0
1310,ID_2263,0.0
1311,ID_2264,0.0
1312,ID_2265,1.0
1313,ID_2266,0.0
1314,ID_2267,1.0
1315,ID_2268,1.0
1316,ID_2269,0.0
1317,ID_2270,0.0
1318,ID_2271,1.0
1319,ID_2272,1.0
1320,ID_2273,0.0
1321,ID_2274,0.0
1322,ID_2276,1.0
1323,ID_2277,1.0
1324,ID_2283,0.0
1325,ID_2284,1.0
1326,ID_2285,1.0
1327,ID_2286,0.0
1328,ID_2287,0.0
1329,ID_2288,0.0
1330,ID_2289,0.0
1331,ID_2290,0.0
1332,ID_2292,0.0
1333,ID_2293,0.0
1334,ID_2304,0.0
1335,ID_2305,0.0
1336,ID_2306,0.0
1337,ID_2307,0.0
1338,ID_2308,0.0
1339,ID_2309,0.0
1340,ID_2310,0.0
1341,ID_2311,0.0
1342,ID_2312,1.0
1343,ID_2313,1.0
1344,ID_2315,1.0
1345,ID_2316,0.0
1346,ID_2317,0.0
1347,ID_2319,0.0
1348,ID_2321,0.0
1349,ID_2322,1.0
1350,ID_2323,0.0
1351,ID_2324,1.0
1352,ID_2326,1.0
1353,ID_2327,0.0
1354,ID_2329,1.0
1355,ID_2330,1.0
1356,ID_2331,1.0
1357,ID_2332,0.0
1358,ID_2333,0.0
1359,ID_2335,1.0
1360,ID_2336,0.0
1361,ID_2337,1.0
1362,ID_2339,1.0
1363,ID_2341,1.0
1364,ID_2344,1.0
1365,ID_2346,1.0
1366,ID_2348,1.0
1367,ID_2349,1.0
1368,ID_2350,1.0
1369,ID_2358,0.0
1370,ID_2360,0.0
1371,ID_2362,0.0
1372,ID_2382,0.0
1373,ID_2384,1.0
1374,ID_2385,0.0
1375,ID_2386,1.0
1376,ID_2387,1.0
1377,ID_2389,1.0
1378,ID_2391,1.0
1379,ID_2392,0.0
1380,ID_2393,0.0
1381,ID_2394,0.0
1382,ID_2395,1.0
1383,ID_2396,0.0
1384,ID_2397,1.0
1385,ID_2399,1.0
1386,ID_2400,0.0
1387,ID_2401,0.0
1388,ID_2402,1.0
1389,ID_2403,1.0
1390,ID_2404,1.0
1391,ID_2405,0.0
1392,ID_2406,1.0
1393,ID_2407,1.0
1394,ID_2408,1.0
1395,ID_2409,0.0
1396,ID_2410,1.0
1397,ID_2412,1.0
1398,ID_2414,1.0
1399,ID_2415,1.0
1400,ID_2416,1.0
1401,ID_2418,1.0
1402,ID_2421,1.0
1403,ID_2422,1.0
1404,ID_2423,1.0
1405,ID_2435,1.0
1406,ID_2436,0.0
1407,ID_2438,0.0
1408,ID_2439,1.0
1409,ID_2440,0.0
1410,ID_2441,0.0
1411,ID_2442,0.0
1412,ID_2444,0.0
1413,ID_2445,1.0
1414,ID_2446,0.0
1415,ID_2448,1.0
1416,ID_2449,0.0
1417,ID_2467,0.0
1418,ID_2468,0.0
1419,ID_2469,0.0
1420,ID_2470,0.0
1421,ID_2471,1.0
1422,ID_2472,1.0
1423,ID_2473,0.0
1424,ID_2474,1.0
1425,ID_2475,0.0
1426,ID_2476,0.0
1427,ID_2477,0.0
1428,ID_2478,1.0
1429,ID_2479,0.0
1430,ID_2480,1.0
1431,ID_2481,0.0
1432,ID_2482,0.0
1433,ID_2483,1.0
1434,ID_2484,1.0
1435,ID_2485,0.0
1436,ID_2486,0.0
1437,ID_2488,1.0
1438,ID_2489,0.0
1439,ID_2490,1.0
1440,ID_2492,1.0
1441,ID_2494,1.0
1442,ID_2496,1.0
1443,ID_2498,1.0
1444,ID_2500,1.0
1445,ID_2501,1.0
1446,ID_2502,1.0
1447,ID_2532,0.0
1448,ID_2533,0.0
1449,ID_2535,0.0
1450,ID_2536,0.0
1451,ID_2537,0.0
1452,ID_2538,0.0
1453,ID_2539,0.0
1454,ID_2540,0.0
1455,ID_2541,1.0
1456,ID_2542,1.0
1457,ID_2543,0.0
1458,ID_2544,1.0
1459,ID_2545,0.0
1460,ID_2546,0.0
1461,ID_2547,1.0
1462,ID_2548,0.0
1463,ID_2549,0.0
1464,ID_2550,1.0
1465,ID_2551,0.0
1466,ID_2552,1.0
1467,ID_2554,1.0
1468,ID_2555,0.0
1469,ID_2556,0.0
1470,ID_2557,1.0
1471,ID_2558,1.0
1472,ID_2559,0.0
1473,ID_2560,0.0
1474,ID_2561,1.0
1475,ID_2562,1.0
1476,ID_2563,1.0
1477,ID_2564,0.0
1478,ID_2565,1.0
1479,ID_2567,1.0
1480,ID_2568,0.0
1481,ID_2569,1.0
1482,ID_2570,1.0
1483,ID_2571,1.0
1484,ID_2574,1.0
1485,ID_2576,1.0
1486,ID_2578,1.0
1487,ID_2579,1.0
1488,ID_2580,1.0
1489,ID_2595,0.0
1490,ID_2596,1.0
1491,ID_2613,0.0
1492,ID_2614,0.0
1493,ID_2615,0.0
1494,ID_2616,0.0
1495,ID_2617,1.0
1496,ID_2618,0.0
1497,ID_2619,0.0
1498,ID_2620,0.0
1499,ID_2621,0.0
1500,ID_2622,1.0
1501,ID_2623,1.0
1502,ID_2624,0.0
1503,ID_2625,1.0
1504,ID_2626,0.0
1505,ID_2627,0.0
1506,ID_2628,0.0
1507,ID_2629,0.0
1508,ID_2630,1.0
1509,ID_2631,0.0
1510,ID_2632,1.0
1511,ID_2635,1.0
1512,ID_2636,0.0
1513,ID_2637,1.0
1514,ID_2638,1.0
1515,ID_2639,0.0
1516,ID_2640,0.0
1517,ID_2641,1.0
1518,ID_2642,0.0
1519,ID_2643,1.0
1520,ID_2645,1.0
1521,ID_2646,1.0
1522,ID_2648,1.0
1523,ID_2650,1.0
1524,ID_2652,1.0
1525,ID_2653,1.0
1526,ID_2654,1.0
1527,ID_2671,1.0
1528,ID_2672,1.0
1529,ID_2673,1.0
1530,ID_2674,1.0
1531,ID_2692,0.0
1532,ID_2693,0.0
1533,ID_2695,0.0
1534,ID_2696,0.0
1535,ID_2697,1.0
1536,ID_2698,1.0
1537,ID_2699,1.0
1538,ID_2700,0.0
1539,ID_2701,0.0
1540,ID_2702,1.0
1541,ID_2703,0.0
1542,ID_2704,0.0
1543,ID_2705,0.0
1544,ID_2706,1.0
1545,ID_2707,1.0
1546,ID_2710,1.0
1547,ID_2711,0.0
1548,ID_2712,0.0
1549,ID_2713,1.0
1550,ID_2714,1.0
1551,ID_2715,0.0
1552,ID_2717,1.0
1553,ID_2718,1.0
1554,ID_2719,0.0
1555,ID_2720,1.0
1556,ID_2722,1.0
1557,ID_2723,0.0
1558,ID_2724,1.0
1559,ID_2725,1.0
1560,ID_2726,1.0
1561,ID_2728,1.0
1562,ID_2730,1.0
1563,ID_2732,1.0
1564,ID_2734,1.0
1565,ID_2735,1.0
1566,ID_2736,1.0
1567,ID_2739,0.0
1568,ID_2740,1.0
1569,ID_2741,1.0
1570,ID_2742,0.0
1571,ID_2743,0.0
1572,ID_2744,0.0
1573,ID_2745,0.0
1574,ID_2746,0.0
1575,ID_2747,0.0
1576,ID_2748,0.0
1577,ID_2767,0.0
1578,ID_2768,0.0
1579,ID_2769,0.0
1580,ID_2770,0.0
1581,ID_2771,1.0
1582,ID_2772,0.0
1583,ID_2773,0.0
1584,ID_2774,0.0
1585,ID_2775,0.0
1586,ID_2776,1.0
1587,ID_2777,1.0
1588,ID_2778,0.0
1589,ID_2779,1.0
1590,ID_2780,0.0
1591,ID_2781,0.0
1592,ID_2782,1.0
1593,ID_2783,0.0
1594,ID_2784,0.0
1595,ID_2785,1.0
1596,ID_2786,0.0
1597,ID_2787,1.0
1598,ID_2788,1.0
1599,ID_2789,0.0
1600,ID_2791,1.0
1601,ID_2792,0.0
1602,ID_2793,0.0
1603,ID_2794,1.0
1604,ID_2795,1.0
1605,ID_2796,1.0
1606,ID_2797,0.0
1607,ID_2798,0.0
1608,ID_2800,0.0
1609,ID_2801,1.0
1610,ID_2804,1.0
1611,ID_2805,1.0
1612,ID_2806,1.0
1613,ID_2811,1.0
1614,ID_2812,1.0
1615,ID_2813,1.0
1616,ID_2825,0.0
1617,ID_2826,1.0
1618,ID_2844,0.0
1619,ID_2845,0.0
1620,ID_2846,0.0
1621,ID_2847,0.0
1622,ID_2848,0.0
1623,ID_2849,1.0
1624,ID_2850,0.0
1625,ID_2851,0.0
1626,ID_2852,0.0
1627,ID_2853,0.0
1628,ID_2854,1.0
1629,ID_2855,1.0
1630,ID_2856,0.0
1631,ID_2857,1.0
1632,ID_2858,1.0
1633,ID_2859,0.0
1634,ID_2860,0.0
1635,ID_2861,0.0
1636,ID_2862,0.0
1637,ID_2863,1.0
1638,ID_2864,0.0
1639,ID_2865,1.0
1640,ID_2867,1.0
1641,ID_2868,0.0
1642,ID_2869,0.0
1643,ID_2870,1.0
1644,ID_2872,1.0
1645,ID_2873,0.0
1646,ID_2874,1.0
1647,ID_2875,1.0
1648,ID_2876,1.0
1649,ID_2878,1.0
1650,ID_2879,1.0
1651,ID_2881,1.0
1652,ID_2883,1.0
1653,ID_2885,1.0
1654,ID_2886,1.0
1655,ID_2887,1.0
1656,ID_2893,0.0
1657,ID_2895,0.0
1658,ID_2901,1.0
1659,ID_2902,1.0
1660,ID_2903,1.0
1661,ID_2904,1.0
1662,ID_2918,0.0
1663,ID_2919,0.0
1664,ID_2920,0.0
1665,ID_2921,0.0
1666,ID_2922,0.0
1667,ID_2923,1.0
1668,ID_2924,0.0
1669,ID_2925,0.0
1670,ID_2927,0.0
1671,ID_2928,1.0
1672,ID_2929,1.0
1673,ID_2930,0.0
1674,ID_2931,1.0
1675,ID_2932,0.0
1676,ID_2933,0.0
1677,ID_2934,0.0
1678,ID_2935,0.0
1679,ID_2936,1.0
1680,ID_2937,0.0
1681,ID_2938,1.0
1682,ID_2939,0.0
1683,ID_2941,1.0
1684,ID_2942,0.0
1685,ID_2943,0.0
1686,ID_2944,1.0
1687,ID_2945,1.0
1688,ID_2946,0.0
1689,ID_2947,0.0
1690,ID_2948,1.0
1691,ID_2949,1.0
1692,ID_2950,0.0
1693,ID_2951,1.0
1694,ID_2954,1.0
1695,ID_2955,1.0
1696,ID_2959,1.0
1697,ID_2960,1.0
1698,ID_2961,1.0
1699,ID_2978,1.0
1700,ID_2979,1.0
1701,ID_2980,1.0
1702,ID_2981,1.0
1703,ID_2999,0.0
1704,ID_3000,0.0
1705,ID_3002,0.0
1706,ID_3003,0.0
1707,ID_3004,1.0
1708,ID_3005,0.0
1709,ID_3006,0.0
1710,ID_3007,0.0
1711,ID_3008,0.0
1712,ID_3009,1.0
1713,ID_3010,1.0
1714,ID_3011,1.0
1715,ID_3012,0.0
1716,ID_3013,0.0
1717,ID_3014,1.0
1718,ID_3015,0.0
1719,ID_3017,1.0
1720,ID_3018,0.0
1721,ID_3019,1.0
1722,ID_3022,1.0
1723,ID_3023,0.0
1724,ID_3024,0.0
1725,ID_3025,1.0
1726,ID_3026,1.0
1727,ID_3027,0.0
1728,ID_3028,0.0
1729,ID_3029,1.0
1730,ID_3030,1.0
1731,ID_3031,1.0
1732,ID_3032,0.0
1733,ID_3033,1.0
1734,ID_3036,0.0
1735,ID_3037,1.0
1736,ID_3038,1.0
1737,ID_3039,1.0
1738,ID_3043,1.0
1739,ID_3044,1.0
1740,ID_3045,1.0
1741,ID_3060,0.0
1742,ID_3062,1.0
1743,ID_3063,1.0
1744,ID_3064,1.0
1745,ID_3084,0.0
1746,ID_3085,0.0
1747,ID_3087,0.0
1748,ID_3088,1.0
1749,ID_3089,0.0
1750,ID_3090,0.0
1751,ID_3091,0.0
1752,ID_3092,1.0
1753,ID_3093,1.0
1754,ID_3094,1.0
1755,ID_3095,0.0
1756,ID_3096,0.0
1757,ID_3097,0.0
1758,ID_3098,0.0
1759,ID_3099,1.0
1760,ID_3100,0.0
1761,ID_3101,1.0
1762,ID_3102,0.0
1763,ID_3104,1.0
1764,ID_3105,0.0
1765,ID_3106,1.0
1766,ID_3107,1.0
1767,ID_3108,0.0
1768,ID_3109,0.0
1769,ID_3110,0.0
1770,ID_3111,1.0
1771,ID_3112,1.0
1772,ID_3113,0.0
1773,ID_3114,1.0
1774,ID_3115,1.0
1775,ID_3117,1.0
1776,ID_3118,1.0
1777,ID_3119,1.0
1778,ID_3120,1.0
1779,ID_3121,1.0
1780,ID_3122,1.0
1781,ID_3123,1.0
1782,ID_3124,0.0
1783,ID_3126,1.0
1784,ID_3127,1.0
1785,ID_3128,0.0
1786,ID_3129,0.0
1787,ID_3130,0.0
1788,ID_3131,0.0
1789,ID_3132,1.0
1790,ID_3133,0.0
1791,ID_3134,0.0
1792,ID_3136,0.0
1793,ID_3137,0.0
1794,ID_3139,0.0
1795,ID_3140,0.0
1796,ID_3141,0.0
1797,ID_3161,0.0
1798,ID_3162,0.0
1799,ID_3163,0.0
1800,ID_3164,0.0
1801,ID_3165,0.0
1802,ID_3166,0.0
1803,ID_3167,1.0
1804,ID_3168,0.0
1805,ID_3169,0.0
1806,ID_3170,0.0
1807,ID_3172,0.0
1808,ID_3173,1.0
1809,ID_3174,1.0
1810,ID_3175,1.0
1811,ID_3176,1.0
1812,ID_3177,0.0
1813,ID_3178,0.0
1814,ID_3179,0.0
1815,ID_3180,0.0
1816,ID_3181,1.0
1817,ID_3182,0.0
1818,ID_3183,1.0
1819,ID_3184,1.0
1820,ID_3187,1.0
1821,ID_3188,0.0
1822,ID_3189,0.0
1823,ID_3190,1.0
1824,ID_3191,1.0
1825,ID_3192,0.0
1826,ID_3193,1.0
1827,ID_3194,1.0
1828,ID_3196,1.0
1829,ID_3201,1.0
1830,ID_3202,1.0
1831,ID_3204,0.0
1832,ID_3206,1.0
1833,ID_3207,0.0
1834,ID_3210,0.0
1835,ID_3211,0.0
1836,ID_3212,0.0
1837,ID_3214,0.0
1838,ID_3215,0.0
1839,ID_3218,1.0
1840,ID_3221,1.0
